Workbook

Sheet Sheet1
A1: SR no | B1: Notification No | C1: Receipt Date | D1: S R NO | E1: FAULT REPORTED | F1: TAG | G1: ESN NO | H1: Status | I1: MATERIAL CODE | J1: PRESCAN Code | K1: PRESCAN Name | L1: Object Part | M1: Object Part DESCRIPTION | N1: DAMAGE | O1: DAMAGE DESCRIPTION | P1: CAUSE CODE | Q1: CAUSE DESCRIPTION | R1: ACTION CODE | S1: ACTION/REPAIR TASK | T1: REPAIR TASK DESCRIPTION | U1: EXTRA REMARK FOR IR | V1: REASON CODE | W1: REASON IR | X1: REPAIRED TECH code | Y1: REPAIRED TECH NAME | Z1: PART LOCATION | AA1: DECLERED DATE | AB1: Remarks | AC1: k | AD1: panding | CN1: Status | CO1: Tag Details | CP1: MATERIAL CODE
A2: 1 | B2: 1009431894 | C2: 05.07.2021 | D2: W3.031 | E2: STANDBY | F2: Def Tag Available | G2: 853151711514 | H2: IR | I2: TECH HD | J2: A041 | K2: =VLOOKUP(J2,Sheet2!A:B,2,0) -> PRASHANT,AKASH | L2: 1 | M2: =VLOOKUP(L2,Sheet2!D:E,2,0) -> Power Supply Section | N2: 1 | O2: =VLOOKUP(N2,Sheet2!G:H,2,0) -> Dead | P2: 11 | Q2: =VLOOKUP(P2,Sheet2!J:K,2,0) -> IR Declared due to CID -TA | R2: IR | S2: =VLOOKUP(R2,Sheet2!N:O,2,0) -> IREPARABLE | T2: =VLOOKUP(P2,Sheet2!Q:R,2,0) -> IR Normal - Track burn out | U2: IR CID - Tampered Track burn out | V2: 4 | W2: =VLOOKUP(V2,Sheet2!Q:R,2,0) -> IR CID - Tampered Track burn out | X2: =J2 -> A041 | Y2: =VLOOKUP(X2,Sheet2!A:B,2,0) -> PRASHANT,AKASH | Z2: UD1,U8 | AA2: 02.09.2021 | AB2: - | AC2: =LEFT(G2,2) -> 85 | AE2: HIMANSHU | CN2: BER REPAIRED | CO2: STD | CP2: STD
A3: 1 | B3: 1009616011 | C3: 28.05.2021 | D3: N A | E3: DEAD | F3: Def Tag Available | G3: 853343732246 | H3: IR | I3: TECH HD | J3: A041 | K3: =VLOOKUP(J3,Sheet2!A:B,2,0) -> PRASHANT,AKASH | L3: 1 | M3: =VLOOKUP(L3,Sheet2!D:E,2,0) -> Power Supply Section | N3: 1 | O3: =VLOOKUP(N3,Sheet2!G:H,2,0) -> Dead | P3: 11 | Q3: =VLOOKUP(P3,Sheet2!J:K,2,0) -> IR Declared due to CID -TA | R3: IR | S3: =VLOOKUP(R3,Sheet2!N:O,2,0) -> IREPARABLE | T3: =VLOOKUP(P3,Sheet2!Q:R,2,0) -> IR Normal - Track burn out | U3: IR CID - Tampered Track burn out | V3: 4 | W3: =VLOOKUP(V3,Sheet2!Q:R,2,0) -> IR CID - Tampered Track burn out | X3: =J3 -> A041 | Y3: =VLOOKUP(X3,Sheet2!A:B,2,0) -> PRASHANT,AKASH | Z3: UD1,U8,U10,R323,R7,R7 | AA3: 02.09.2021 | AB3: - | AC3: =LEFT(G3,2) -> 85 | AE3: HIMANSHU | CN3: REPAIRED | CO3: KAON HD | CP3: KAON HD
A4: 2 | B4: 1009616003 | C4: 20.01.2021 | D4: W4.320 | E4: DEAD | F4: Def Tag Available | G4: 853128718055 | H4: IR | I4: TECH HD | J4: A041 | K4: =VLOOKUP(J4,Sheet2!A:B,2,0) -> PRASHANT,AKASH | L4: 1 | M4: =VLOOKUP(L4,Sheet2!D:E,2,0) -> Power Supply Section | N4: 1 | O4: =VLOOKUP(N4,Sheet2!G:H,2,0) -> Dead | P4: 11 | Q4: =VLOOKUP(P4,Sheet2!J:K,2,0) -> IR Declared due to CID -TA | R4: IR | S4: =VLOOKUP(R4,Sheet2!N:O,2,0) -> IREPARABLE | T4: =VLOOKUP(P4,Sheet2!Q:R,2,0) -> IR Normal - Track burn out | U4: IR CID - Tampered Track burn out | V4: 4 | W4: =VLOOKUP(V4,Sheet2!Q:R,2,0) -> IR CID - Tampered Track burn out | X4: =J4 -> A041 | Y4: =VLOOKUP(X4,Sheet2!A:B,2,0) -> PRASHANT,AKASH | Z4: UD1,U8,U10,R323,R7,R7 | AA4: 02.09.2021 | AB4: - | AC4: =LEFT(G4,2) -> 85 | AE4: HIMANSHU | CN4: NFF | CO4: SAMSUNG HD | CP4: SAMSUNG HD
A5: 3 | B5: 1009585251 | C5: 15.07.2021 | D5: W3.018 | E5: STANDBY | F5: Def Tag Available | G5: 854165770207 | H5: IR | I5: TECH HD | J5: A041 | K5: =VLOOKUP(J5,Sheet2!A:B,2,0) -> PRASHANT,AKASH | L5: 1 | M5: =VLOOKUP(L5,Sheet2!D:E,2,0) -> Power Supply Section | N5: 1 | O5: =VLOOKUP(N5,Sheet2!G:H,2,0) -> Dead | P5: 11 | Q5: =VLOOKUP(P5,Sheet2!J:K,2,0) -> IR Declared due to CID -TA | R5: IR | S5: =VLOOKUP(R5,Sheet2!N:O,2,0) -> IREPARABLE | T5: =VLOOKUP(P5,Sheet2!Q:R,2,0) -> IR Normal - Track burn out | U5: IR CID - Tampered Track burn out | V5: 4 | W5: =VLOOKUP(V5,Sheet2!Q:R,2,0) -> IR CID - Tampered Track burn out | X5: =J5 -> A041 | Y5: =VLOOKUP(X5,Sheet2!A:B,2,0) -> PRASHANT,AKASH | Z5: UD1,U8,U10 | AA5: 02.09.2021 | AB5: - | AC5: =LEFT(G5,2) -> 85 | AE5: HIMANSHU | CN5: SOAKING FAIL REPAIRED | CO5: TECH HD | CP5: TECH HD
A6: 4 | B6: 1005599968 | C6: 05.06.2021 | D6: W3.100 | E6: STANDBY | F6: Def Tag Available | G6: 844058781734 | H6: IR | I6: TECH HD | J6: A041 | K6: =VLOOKUP(J6,Sheet2!A:B,2,0) -> PRASHANT,AKASH | L6: 1 | M6: =VLOOKUP(L6,Sheet2!D:E,2,0) -> Power Supply Section | N6: 1 | O6: =VLOOKUP(N6,Sheet2!G:H,2,0) -> Dead | P6: 11 | Q6: =VLOOKUP(P6,Sheet2!J:K,2,0) -> IR Declared due to CID -TA | R6: IR | S6: =VLOOKUP(R6,Sheet2!N:O,2,0) -> IREPARABLE | T6: =VLOOKUP(P6,Sheet2!Q:R,2,0) -> IR Normal - Track burn out | U6: IR CID - Tampered Track burn out | V6: 4 | W6: =VLOOKUP(V6,Sheet2!Q:R,2,0) -> IR CID - Tampered Track burn out | X6: =J6 -> A041 | Y6: =VLOOKUP(X6,Sheet2!A:B,2,0) -> PRASHANT,AKASH | Z6: UD1,U8 | AA6: 02.09.2021 | AB6: - | AC6: =LEFT(G6,2) -> 84 | AE6: HIMANSHU | CN6: QC FAIL REPAIRED | CO6: PVR SD | CP6: PVR SD
A7: 5 | B7: 1009452143 | C7: 13.09.2021 | D7: NA | E7: DEAD | F7: Def Tag Available | G7: 853101739078 | H7: IR | I7: TECH HD | J7: A041 | K7: =VLOOKUP(J7,Sheet2!A:B,2,0) -> PRASHANT,AKASH | L7: 1 | M7: =VLOOKUP(L7,Sheet2!D:E,2,0) -> Power Supply Section | N7: 1 | O7: =VLOOKUP(N7,Sheet2!G:H,2,0) -> Dead | P7: 11 | Q7: =VLOOKUP(P7,Sheet2!J:K,2,0) -> IR Declared due to CID -TA | R7: IR | S7: =VLOOKUP(R7,Sheet2!N:O,2,0) -> IREPARABLE | T7: =VLOOKUP(P7,Sheet2!Q:R,2,0) -> IR Normal - Track burn out | U7: IR CID - Tampered Track burn out | V7: 4 | W7: =VLOOKUP(V7,Sheet2!Q:R,2,0) -> IR CID - Tampered Track burn out | X7: =J7 -> A041 | Y7: =VLOOKUP(X7,Sheet2!A:B,2,0) -> PRASHANT,AKASH | Z7: UD1,U8 | AA7: 02.09.2021 | AB7: - | AC7: =LEFT(G7,2) -> 85 | AE7: HIMANSHU | CN7: IMPEDENCE FAIL REPAIRED | CO7: PVR HD | CP7: PVR HD
A8: 6 | B8: 1009091247 | C8: 22.010.2020 | D8: NA | E8: DEAD | F8: Def Tag Available | G8: 853247759832 | H8: IR | I8: TECH HD | J8: A041 | K8: =VLOOKUP(J8,Sheet2!A:B,2,0) -> PRASHANT,AKASH | L8: 1 | M8: =VLOOKUP(L8,Sheet2!D:E,2,0) -> Power Supply Section | N8: 1 | O8: =VLOOKUP(N8,Sheet2!G:H,2,0) -> Dead | P8: 11 | Q8: =VLOOKUP(P8,Sheet2!J:K,2,0) -> IR Declared due to CID -TA | R8: IR | S8: =VLOOKUP(R8,Sheet2!N:O,2,0) -> IREPARABLE | T8: =VLOOKUP(P8,Sheet2!Q:R,2,0) -> IR Normal - Track burn out | U8: IR CID - Tampered Track burn out | V8: 4 | W8: =VLOOKUP(V8,Sheet2!Q:R,2,0) -> IR CID - Tampered Track burn out | X8: =J8 -> A041 | Y8: =VLOOKUP(X8,Sheet2!A:B,2,0) -> PRASHANT,AKASH | Z8: UD1,U8,U10,R323,R7,R7 | AA8: 02.09.2021 | AB8: - | AC8: =LEFT(G8,2) -> 85 | AE8: HIMANSHU | CN8: IR REPAIRED | CO8: JADE HD | CP8: JADE HD
A9: 7 | B9: 1009487179 | C9: 05.07.2021 | D9: NA | E9: NA | F9: NA(Tag Not Available) | G9: 854146798459 | H9: IR | I9: TECH HD | J9: A041 | K9: =VLOOKUP(J9,Sheet2!A:B,2,0) -> PRASHANT,AKASH | L9: 1 | M9: =VLOOKUP(L9,Sheet2!D:E,2,0) -> Power Supply Section | N9: 1 | O9: =VLOOKUP(N9,Sheet2!G:H,2,0) -> Dead | P9: 11 | Q9: =VLOOKUP(P9,Sheet2!J:K,2,0) -> IR Declared due to CID -TA | R9: IR | S9: =VLOOKUP(R9,Sheet2!N:O,2,0) -> IREPARABLE | T9: =VLOOKUP(P9,Sheet2!Q:R,2,0) -> IR Normal - Track burn out | U9: IR CID - Tampered Track burn out | V9: 4 | W9: =VLOOKUP(V9,Sheet2!Q:R,2,0) -> IR CID - Tampered Track burn out | X9: =J9 -> A041 | Y9: =VLOOKUP(X9,Sheet2!A:B,2,0) -> PRASHANT,AKASH | Z9: UD1,U8,U10 | AA9: 02.09.2021 | AB9: - | AC9: =LEFT(G9,2) -> 85 | AE9: HIMANSHU | CN9: COLD SOAK FAIL REPAIRED | CO9: NOVA HD | CP9: NOVA HD
A10: 8 | B10: 1009632811 | C10: 08.07.2021 | D10: NA | E10: DEAD | F10: Def Tag Available | G10: 844103735628 | H10: IR | I10: TECH HD | J10: A041 | K10: =VLOOKUP(J10,Sheet2!A:B,2,0) -> PRASHANT,AKASH | L10: 1 | M10: =VLOOKUP(L10,Sheet2!D:E,2,0) -> Power Supply Section | N10: 1 | O10: =VLOOKUP(N10,Sheet2!G:H,2,0) -> Dead | P10: 11 | Q10: =VLOOKUP(P10,Sheet2!J:K,2,0) -> IR Declared due to CID -TA | R10: IR | S10: =VLOOKUP(R10,Sheet2!N:O,2,0) -> IREPARABLE | T10: =VLOOKUP(P10,Sheet2!Q:R,2,0) -> IR Normal - Track burn out | U10: IR CID - Tampered Track burn out | V10: 4 | W10: =VLOOKUP(V10,Sheet2!Q:R,2,0) -> IR CID - Tampered Track burn out | X10: =J10 -> A041 | Y10: =VLOOKUP(X10,Sheet2!A:B,2,0) -> PRASHANT,AKASH | Z10: UD1,U8,U10 | AA10: 02.09.2021 | AB10: - | AC10: =LEFT(G10,2) -> 84 | AE10: HIMANSHU | CO10: T-51 | CP10: T-51
A11: 9 | B11: 1009091562 | C11: 24.05.2021 | D11: NA | E11: NA | F11: NA(Tag Not Available) | G11: 844042725771 | H11: IR | I11: TECH HD | J11: A041 | K11: =VLOOKUP(J11,Sheet2!A:B,2,0) -> PRASHANT,AKASH | L11: 1 | M11: =VLOOKUP(L11,Sheet2!D:E,2,0) -> Power Supply Section | N11: 1 | O11: =VLOOKUP(N11,Sheet2!G:H,2,0) -> Dead | P11: 11 | Q11: =VLOOKUP(P11,Sheet2!J:K,2,0) -> IR Declared due to CID -TA | R11: IR | S11: =VLOOKUP(R11,Sheet2!N:O,2,0) -> IREPARABLE | T11: =VLOOKUP(P11,Sheet2!Q:R,2,0) -> IR Normal - Track burn out | U11: IR CID - Tampered Track burn out | V11: 4 | W11: =VLOOKUP(V11,Sheet2!Q:R,2,0) -> IR CID - Tampered Track burn out | X11: =J11 -> A041 | Y11: =VLOOKUP(X11,Sheet2!A:B,2,0) -> PRASHANT,AKASH | Z11: UD1,U8,U10 | AA11: 02.09.2021 | AB11: - | AC11: =LEFT(G11,2) -> 84 | AE11: HIMANSHU | CO11: HEERA | CP11: HEERA
A12: 10 | B12: 1009630093 | C12: 20.06.2021 | D12: W3.028 | E12: DEAD | F12: Def Tag Available | G12: 853246771689 | H12: IR | I12: TECH HD | J12: A041 | K12: =VLOOKUP(J12,Sheet2!A:B,2,0) -> PRASHANT,AKASH | L12: 1 | M12: =VLOOKUP(L12,Sheet2!D:E,2,0) -> Power Supply Section | N12: 1 | O12: =VLOOKUP(N12,Sheet2!G:H,2,0) -> Dead | P12: 11 | Q12: =VLOOKUP(P12,Sheet2!J:K,2,0) -> IR Declared due to CID -TA | R12: IR | S12: =VLOOKUP(R12,Sheet2!N:O,2,0) -> IREPARABLE | T12: =VLOOKUP(P12,Sheet2!Q:R,2,0) -> IR Normal - Track burn out | U12: IR CID - Tampered Track burn out | V12: 4 | W12: =VLOOKUP(V12,Sheet2!Q:R,2,0) -> IR CID - Tampered Track burn out | X12: =J12 -> A041 | Y12: =VLOOKUP(X12,Sheet2!A:B,2,0) -> PRASHANT,AKASH | Z12: UD1,U8,U10 | AA12: 02.09.2021 | AB12: - | AC12: =LEFT(G12,2) -> 85 | AE12: HIMANSHU | CO12: PANNA | CP12: PANNA
A13: 11 | B13: 1009619637 | C13: 28.06.2021 | D13: E2.325 | E13: STANDBY | F13: Def Tag Available | G13: 844108707168 | H13: IR | I13: TECH HD | J13: A041 | K13: =VLOOKUP(J13,Sheet2!A:B,2,0) -> PRASHANT,AKASH | L13: 1 | M13: =VLOOKUP(L13,Sheet2!D:E,2,0) -> Power Supply Section | N13: 1 | O13: =VLOOKUP(N13,Sheet2!G:H,2,0) -> Dead | P13: 11 | Q13: =VLOOKUP(P13,Sheet2!J:K,2,0) -> IR Declared due to CID -TA | R13: IR | S13: =VLOOKUP(R13,Sheet2!N:O,2,0) -> IREPARABLE | T13: =VLOOKUP(P13,Sheet2!Q:R,2,0) -> IR Normal - Track burn out | U13: IR CID - Tampered Track burn out | V13: 4 | W13: =VLOOKUP(V13,Sheet2!Q:R,2,0) -> IR CID - Tampered Track burn out | X13: =J13 -> A041 | Y13: =VLOOKUP(X13,Sheet2!A:B,2,0) -> PRASHANT,AKASH | Z13: UD1,U8,U10 | AA13: 02.09.2021 | AB13: - | AC13: =LEFT(G13,2) -> 84 | AE13: HIMANSHU | CO13: SKY WORTH | CP13: SKY WORTH
A14: 12 | B14: 1009635715 | C14: 22.04.2021 | D14: NA | E14: DEAD | F14: Def Tag Available | G14: 853039700903 | H14: IR | I14: TECH HD | J14: A041 | K14: =VLOOKUP(J14,Sheet2!A:B,2,0) -> PRASHANT,AKASH | L14: 1 | M14: =VLOOKUP(L14,Sheet2!D:E,2,0) -> Power Supply Section | N14: 1 | O14: =VLOOKUP(N14,Sheet2!G:H,2,0) -> Dead | P14: 11 | Q14: =VLOOKUP(P14,Sheet2!J:K,2,0) -> IR Declared due to CID -TA | R14: IR | S14: =VLOOKUP(R14,Sheet2!N:O,2,0) -> IREPARABLE | T14: =VLOOKUP(P14,Sheet2!Q:R,2,0) -> IR Normal - Track burn out | U14: IR CID - Tampered Track burn out | V14: 4 | W14: =VLOOKUP(V14,Sheet2!Q:R,2,0) -> IR CID - Tampered Track burn out | X14: =J14 -> A041 | Y14: =VLOOKUP(X14,Sheet2!A:B,2,0) -> PRASHANT,AKASH | Z14: UD1,U8,U10 | AA14: 02.09.2021 | AB14: - | AC14: =LEFT(G14,2) -> 85 | AE14: HIMANSHU | CO14: BINGE | CP14: BINGE
A15: 13 | B15: 1009616146 | C15: 02.06.2021 | D15: W3.087 | E15: DEAD | F15: Def Tag Available | G15: 853253707378 | H15: IR | I15: TECH HD | J15: A041 | K15: =VLOOKUP(J15,Sheet2!A:B,2,0) -> PRASHANT,AKASH | L15: 1 | M15: =VLOOKUP(L15,Sheet2!D:E,2,0) -> Power Supply Section | N15: 1 | O15: =VLOOKUP(N15,Sheet2!G:H,2,0) -> Dead | P15: 11 | Q15: =VLOOKUP(P15,Sheet2!J:K,2,0) -> IR Declared due to CID -TA | R15: IR | S15: =VLOOKUP(R15,Sheet2!N:O,2,0) -> IREPARABLE | T15: =VLOOKUP(P15,Sheet2!Q:R,2,0) -> IR Normal - Track burn out | U15: IR CID - Tampered Track burn out | V15: 4 | W15: =VLOOKUP(V15,Sheet2!Q:R,2,0) -> IR CID - Tampered Track burn out | X15: =J15 -> A041 | Y15: =VLOOKUP(X15,Sheet2!A:B,2,0) -> PRASHANT,AKASH | Z15: UD1,U8,U10 | AA15: 02.09.2021 | AB15: - | AC15: =LEFT(G15,2) -> 85 | AE15: HIMANSHU
A16: 14 | B16: 1009616645 | C16: 09.06.2021 | D16: W3.013 | E16: DEAD | F16: Def Tag Available | G16: 844087721354 | H16: IR | I16: TECH HD | J16: A041 | K16: =VLOOKUP(J16,Sheet2!A:B,2,0) -> PRASHANT,AKASH | L16: 1 | M16: =VLOOKUP(L16,Sheet2!D:E,2,0) -> Power Supply Section | N16: 1 | O16: =VLOOKUP(N16,Sheet2!G:H,2,0) -> Dead | P16: 11 | Q16: =VLOOKUP(P16,Sheet2!J:K,2,0) -> IR Declared due to CID -TA | R16: IR | S16: =VLOOKUP(R16,Sheet2!N:O,2,0) -> IREPARABLE | T16: =VLOOKUP(P16,Sheet2!Q:R,2,0) -> IR Normal - Track burn out | U16: IR CID - Tampered Track burn out | V16: 4 | W16: =VLOOKUP(V16,Sheet2!Q:R,2,0) -> IR CID - Tampered Track burn out | X16: =J16 -> A041 | Y16: =VLOOKUP(X16,Sheet2!A:B,2,0) -> PRASHANT,AKASH | Z16: UD1,U8,U10 | AA16: 02.09.2021 | AB16: - | AC16: =LEFT(G16,2) -> 84 | AE16: HIMANSHU
A17: 15 | B17: 1009477026 | C17: 16.03.2020 | D17: NA | E17: DEAD | F17: Def Tag Available | G17: 844060793024 | H17: IR | I17: TECH HD | J17: A041 | K17: =VLOOKUP(J17,Sheet2!A:B,2,0) -> PRASHANT,AKASH | L17: 1 | M17: =VLOOKUP(L17,Sheet2!D:E,2,0) -> Power Supply Section | N17: 1 | O17: =VLOOKUP(N17,Sheet2!G:H,2,0) -> Dead | P17: 11 | Q17: =VLOOKUP(P17,Sheet2!J:K,2,0) -> IR Declared due to CID -TA | R17: IR | S17: =VLOOKUP(R17,Sheet2!N:O,2,0) -> IREPARABLE | T17: =VLOOKUP(P17,Sheet2!Q:R,2,0) -> IR Normal - Track burn out | U17: IR CID - Tampered Track burn out | V17: 4 | W17: =VLOOKUP(V17,Sheet2!Q:R,2,0) -> IR CID - Tampered Track burn out | X17: =J17 -> A041 | Y17: =VLOOKUP(X17,Sheet2!A:B,2,0) -> PRASHANT,AKASH | Z17: UD1,U8,U10 | AA17: 02.09.2021 | AB17: - | AC17: =LEFT(G17,2) -> 84 | AE17: HIMANSHU
A18: 16 | B18: 1009630941 | C18: 26.07.2021 | D18: NA | E18: UPGRADE | F18: Upgrade Tag Available | G18: 844084748111 | H18: IR | I18: TECH HD | J18: A041 | K18: =VLOOKUP(J18,Sheet2!A:B,2,0) -> PRASHANT,AKASH | L18: 1 | M18: =VLOOKUP(L18,Sheet2!D:E,2,0) -> Power Supply Section | N18: 1 | O18: =VLOOKUP(N18,Sheet2!G:H,2,0) -> Dead | P18: 11 | Q18: =VLOOKUP(P18,Sheet2!J:K,2,0) -> IR Declared due to CID -TA | R18: IR | S18: =VLOOKUP(R18,Sheet2!N:O,2,0) -> IREPARABLE | T18: =VLOOKUP(P18,Sheet2!Q:R,2,0) -> IR Normal - Track burn out | U18: IR CID - Tampered Track burn out | V18: 4 | W18: =VLOOKUP(V18,Sheet2!Q:R,2,0) -> IR CID - Tampered Track burn out | X18: =J18 -> A041 | Y18: =VLOOKUP(X18,Sheet2!A:B,2,0) -> PRASHANT,AKASH | Z18: UD1,U8,U10 | AA18: 02.09.2021 | AB18: - | AC18: =LEFT(G18,2) -> 84 | AE18: HIMANSHU
A19: 17 | B19: 1009621043 | C19: 09.08.2021 | D19: NA | E19: STANDBY | F19: Def Tag Available | G19: `844021749610 | H19: IR | I19: TECH HD | J19: A041 | K19: =VLOOKUP(J19,Sheet2!A:B,2,0) -> PRASHANT,AKASH | L19: 1 | M19: =VLOOKUP(L19,Sheet2!D:E,2,0) -> Power Supply Section | N19: 1 | O19: =VLOOKUP(N19,Sheet2!G:H,2,0) -> Dead | P19: 11 | Q19: =VLOOKUP(P19,Sheet2!J:K,2,0) -> IR Declared due to CID -TA | R19: IR | S19: =VLOOKUP(R19,Sheet2!N:O,2,0) -> IREPARABLE | T19: =VLOOKUP(P19,Sheet2!Q:R,2,0) -> IR Normal - Track burn out | U19: IR CID - Tampered Track burn out | V19: 4 | W19: =VLOOKUP(V19,Sheet2!Q:R,2,0) -> IR CID - Tampered Track burn out | X19: =J19 -> A041 | Y19: =VLOOKUP(X19,Sheet2!A:B,2,0) -> PRASHANT,AKASH | Z19: UD1,U8,U10 | AA19: 02.09.2021 | AB19: - | AC19: =LEFT(G19,2) -> `8 | AE19: HIMANSHU
A20: 18 | B20: 1009091859 | C20: 05.08.2021 | D20: NA | E20: DEAD | F20: Def Tag Available | G20: 867066142433 | H20: IR | I20: NOVA HD | J20: A004 | K20: =VLOOKUP(J20,Sheet2!A:B,2,0) -> JAYESH NAI | L20: 5 | M20: =VLOOKUP(L20,Sheet2!D:E,2,0) -> Main Processor CPU BGA | N20: 24 | O20: =VLOOKUP(N20,Sheet2!G:H,2,0) -> STB Auto moving -Stand by mode | P20: 12 | Q20: =VLOOKUP(P20,Sheet2!J:K,2,0) -> IR Declared due to Others ( IR Normal)TB | R20: IR | S20: =VLOOKUP(R20,Sheet2!N:O,2,0) -> IREPARABLE | T20: =VLOOKUP(P20,Sheet2!Q:R,2,0) -> IR Normal - BER to IR | U20: IR CID - Tampered Track burn out | V20: 11 | W20: =VLOOKUP(V20,Sheet2!Q:R,2,0) -> IR Normal - Track burn out | X20: =J20 -> A004 | Y20: =VLOOKUP(X20,Sheet2!A:B,2,0) -> JAYESH NAI | Z20: RP004,RP005 | AA20: 02.09.2021 | AB20: - | AC20: =LEFT(G20,2) -> 86 | AE20: HIMANSHU
A21: 19 | B21: 1009623399 | C21: 09.04.2021 | D21: NA | E21: ERROR1 | F21: Def Tag Available | G21: 866293131110 | H21: IR | I21: NOVA HD | J21: A050 | K21: =VLOOKUP(J21,Sheet2!A:B,2,0) -> PIYUSH CHAVDA | L21: 1 | M21: =VLOOKUP(L21,Sheet2!D:E,2,0) -> Power Supply Section | N21: 1 | O21: =VLOOKUP(N21,Sheet2!G:H,2,0) -> Dead | P21: 12 | Q21: =VLOOKUP(P21,Sheet2!J:K,2,0) -> IR Declared due to Others ( IR Normal)TB | R21: IR | S21: =VLOOKUP(R21,Sheet2!N:O,2,0) -> IREPARABLE | T21: =VLOOKUP(P21,Sheet2!Q:R,2,0) -> IR Normal - BER to IR | U21: IR Normal -TrackRust/InternalDamage/open | V21: 8 | W21: =VLOOKUP(V21,Sheet2!Q:R,2,0) -> IR Normal -TrackRust/InternalDamage/open | X21: =J21 -> A050 | Y21: =VLOOKUP(X21,Sheet2!A:B,2,0) -> PIYUSH CHAVDA | Z21: RP004,RP005 | AA21: 02.09.2021 | AB21: - | AC21: =LEFT(G21,2) -> 86 | AE21: HIMANSHU
A22: 20 | B22: 1009623386 | C22: 20.08.2021 | D22: W3.206 | E22: DEAD | F22: Def Tag Available | G22: 866174115497 | H22: IR | I22: NOVA HD | J22: A050 | K22: =VLOOKUP(J22,Sheet2!A:B,2,0) -> PIYUSH CHAVDA | L22: 5 | M22: =VLOOKUP(L22,Sheet2!D:E,2,0) -> Main Processor CPU BGA | N22: 24 | O22: =VLOOKUP(N22,Sheet2!G:H,2,0) -> STB Auto moving -Stand by mode | P22: 12 | Q22: =VLOOKUP(P22,Sheet2!J:K,2,0) -> IR Declared due to Others ( IR Normal)TB | R22: IR | S22: =VLOOKUP(R22,Sheet2!N:O,2,0) -> IREPARABLE | T22: =VLOOKUP(P22,Sheet2!Q:R,2,0) -> IR Normal - BER to IR | U22: IR Normal -TrackRust/InternalDamage/open | V22: 8 | W22: =VLOOKUP(V22,Sheet2!Q:R,2,0) -> IR Normal -TrackRust/InternalDamage/open | X22: =J22 -> A050 | Y22: =VLOOKUP(X22,Sheet2!A:B,2,0) -> PIYUSH CHAVDA | Z22: RP004,RP005 | AA22: 02.09.2021 | AB22: - | AC22: =LEFT(G22,2) -> 86 | AE22: HIMANSHU
A23: 21 | B23: 1009606821 | C23: 21.08.2021 | D23: W3.003 | E23: DEAD | F23: Def Tag Available | G23: 865133116190 | H23: IR | I23: NOVA HD | J23: A018 | K23: =VLOOKUP(J23,Sheet2!A:B,2,0) -> PRAKASH CHAVDA | L23: 1 | M23: =VLOOKUP(L23,Sheet2!D:E,2,0) -> Power Supply Section | N23: 1 | O23: =VLOOKUP(N23,Sheet2!G:H,2,0) -> Dead | P23: 11 | Q23: =VLOOKUP(P23,Sheet2!J:K,2,0) -> IR Declared due to CID -TA | R23: IR | S23: =VLOOKUP(R23,Sheet2!N:O,2,0) -> IREPARABLE | T23: =VLOOKUP(P23,Sheet2!Q:R,2,0) -> IR Normal - Track burn out | U23: IR CID - Tampered Track burn out | V23: 4 | W23: =VLOOKUP(V23,Sheet2!Q:R,2,0) -> IR CID - Tampered Track burn out | X23: =J23 -> A018 | Y23: =VLOOKUP(X23,Sheet2!A:B,2,0) -> PRAKASH CHAVDA | Z23: UP098,UA001 | AA23: 02.09.2021 | AB23: - | AC23: =LEFT(G23,2) -> 86 | AE23: HIMANSHU
A24: 22 | B24: 1009619650 | C24: 20.08.2021 | D24: W3.083 | E24: VIDEO PROBLEM | F24: Def Tag Available | G24: 867231182777 | H24: IR | I24: NOVA HD | J24: A050 | K24: =VLOOKUP(J24,Sheet2!A:B,2,0) -> PIYUSH CHAVDA | L24: 1 | M24: =VLOOKUP(L24,Sheet2!D:E,2,0) -> Power Supply Section | N24: 1 | O24: =VLOOKUP(N24,Sheet2!G:H,2,0) -> Dead | P24: 12 | Q24: =VLOOKUP(P24,Sheet2!J:K,2,0) -> IR Declared due to Others ( IR Normal)TB | R24: IR | S24: =VLOOKUP(R24,Sheet2!N:O,2,0) -> IREPARABLE | T24: =VLOOKUP(P24,Sheet2!Q:R,2,0) -> IR Normal - BER to IR | U24: IR Normal - Multiple time repair | V24: 9 | W24: =VLOOKUP(V24,Sheet2!Q:R,2,0) -> IR Normal - Multiple time repair | X24: =J24 -> A050 | Y24: =VLOOKUP(X24,Sheet2!A:B,2,0) -> PIYUSH CHAVDA | Z24: NA | AA24: 02.09.2021 | AB24: - | AC24: =LEFT(G24,2) -> 86 | AE24: HIMANSHU
A25: 23 | B25: 1009555613 | C25: 21.08.2021 | D25: NA | E25: NA | F25: NA(Tag Not Available) | G25: 867150113662 | H25: IR | I25: NOVA HD | J25: A031 | K25: =VLOOKUP(J25,Sheet2!A:B,2,0) -> NITIN PRANAMI | L25: 5 | M25: =VLOOKUP(L25,Sheet2!D:E,2,0) -> Main Processor CPU BGA | N25: 1 | O25: =VLOOKUP(N25,Sheet2!G:H,2,0) -> Dead | P25: 12 | Q25: =VLOOKUP(P25,Sheet2!J:K,2,0) -> IR Declared due to Others ( IR Normal)TB | R25: IR | S25: =VLOOKUP(R25,Sheet2!N:O,2,0) -> IREPARABLE | T25: =VLOOKUP(P25,Sheet2!Q:R,2,0) -> IR Normal - BER to IR | U25: IR Normal -TrackRust/InternalDamage/open | V25: 8 | W25: =VLOOKUP(V25,Sheet2!Q:R,2,0) -> IR Normal -TrackRust/InternalDamage/open | X25: =J25 -> A031 | Y25: =VLOOKUP(X25,Sheet2!A:B,2,0) -> NITIN PRANAMI | Z25: UV001,UA001,UP098,UN001 | AA25: 02.09.2021 | AB25: - | AC25: =LEFT(G25,2) -> 86 | AE25: HIMANSHU
A26: 24 | B26: 1009631412 | C26: 21.08.2021 | D26: W3.218 | E26: NO SIGNAL | F26: Def Tag Available | G26: 868113119721 | H26: IR | I26: NOVA HD | J26: A042 | K26: =VLOOKUP(J26,Sheet2!A:B,2,0) -> ANKIT RANA | L26: 5 | M26: =VLOOKUP(L26,Sheet2!D:E,2,0) -> Main Processor CPU BGA | N26: 24 | O26: =VLOOKUP(N26,Sheet2!G:H,2,0) -> STB Auto moving -Stand by mode | P26: 12 | Q26: =VLOOKUP(P26,Sheet2!J:K,2,0) -> IR Declared due to Others ( IR Normal)TB | R26: IR | S26: =VLOOKUP(R26,Sheet2!N:O,2,0) -> IREPARABLE | T26: =VLOOKUP(P26,Sheet2!Q:R,2,0) -> IR Normal - BER to IR | U26: IR Normal -TrackRust/InternalDamage/open | V26: 8 | W26: =VLOOKUP(V26,Sheet2!Q:R,2,0) -> IR Normal -TrackRust/InternalDamage/open | X26: =J26 -> A042 | Y26: =VLOOKUP(X26,Sheet2!A:B,2,0) -> ANKIT RANA | Z26: UV001,UA001,UP098,UN001 | AA26: 02.09.2021 | AB26: - | AC26: =LEFT(G26,2) -> 86 | AE26: HIMANSHU
A27: 25 | B27: 1007461577 | C27: 21.08.201 | D27: W3.0180 | E27: DEAD | F27: Def Tag Available | G27: 864285114715 | H27: IR | I27: NOVA HD | J27: A053 | K27: =VLOOKUP(J27,Sheet2!A:B,2,0) -> DEVENDRA RAJPUT | L27: 5 | M27: =VLOOKUP(L27,Sheet2!D:E,2,0) -> Main Processor CPU BGA | N27: 1 | O27: =VLOOKUP(N27,Sheet2!G:H,2,0) -> Dead | P27: 12 | Q27: =VLOOKUP(P27,Sheet2!J:K,2,0) -> IR Declared due to Others ( IR Normal)TB | R27: IR | S27: =VLOOKUP(R27,Sheet2!N:O,2,0) -> IREPARABLE | T27: =VLOOKUP(P27,Sheet2!Q:R,2,0) -> IR Normal - BER to IR | U27: IR Normal -TrackRust/InternalDamage/open | V27: 8 | W27: =VLOOKUP(V27,Sheet2!Q:R,2,0) -> IR Normal -TrackRust/InternalDamage/open | X27: =J27 -> A053 | Y27: =VLOOKUP(X27,Sheet2!A:B,2,0) -> DEVENDRA RAJPUT | Z27: UV001,UA001,UP098,UN001 | AA27: 02.09.2021 | AB27: - | AC27: =LEFT(G27,2) -> 86 | AE27: HIMANSHU
A28: 26 | B28: 1009091534 | C28: 20.08.2021 | D28: W3.007 | E28: STANDBY | F28: Def Tag Available | G28: 865276369564 | H28: IR | I28: NOVA HD | J28: A031 | K28: =VLOOKUP(J28,Sheet2!A:B,2,0) -> NITIN PRANAMI | L28: 1 | M28: =VLOOKUP(L28,Sheet2!D:E,2,0) -> Power Supply Section | N28: 1 | O28: =VLOOKUP(N28,Sheet2!G:H,2,0) -> Dead | P28: 11 | Q28: =VLOOKUP(P28,Sheet2!J:K,2,0) -> IR Declared due to CID -TA | R28: IR | S28: =VLOOKUP(R28,Sheet2!N:O,2,0) -> IREPARABLE | T28: =VLOOKUP(P28,Sheet2!Q:R,2,0) -> IR Normal - Track burn out | U28: IR CID -Fullydamage-Broken/Dent/Burn out | V28: 6 | W28: =VLOOKUP(V28,Sheet2!Q:R,2,0) -> IR CID -Fullydamage-Broken/Dent/Burn out | X28: =J28 -> A031 | Y28: =VLOOKUP(X28,Sheet2!A:B,2,0) -> NITIN PRANAMI | Z28: UV001,UA001,UP098,UN001 | AA28: 02.09.2021 | AB28: - | AC28: =LEFT(G28,2) -> 86 | AE28: HIMANSHU
A29: 27 | B29: 1009443831 | C29: 20.08.2021 | D29: NA | E29: NA | F29: NA(Tag Not Available) | G29: 986018177261 | H29: IR | I29: STD | J29: A063 | K29: =VLOOKUP(J29,Sheet2!A:B,2,0) -> SHANI GOHIL | L29: 7 | M29: =VLOOKUP(L29,Sheet2!D:E,2,0) -> Card Reader Section | N29: 37 | O29: =VLOOKUP(N29,Sheet2!G:H,2,0) -> Error -2 | P29: 11 | Q29: =VLOOKUP(P29,Sheet2!J:K,2,0) -> IR Declared due to CID -TA | R29: IR | S29: =VLOOKUP(R29,Sheet2!N:O,2,0) -> IREPARABLE | T29: =VLOOKUP(P29,Sheet2!Q:R,2,0) -> IR Normal - Track burn out | U29: IR CID - Water log from other area | V29: 2 | W29: =VLOOKUP(V29,Sheet2!Q:R,2,0) -> IR CID - Water log from other area | X29: =J29 -> A063 | Y29: =VLOOKUP(X29,Sheet2!A:B,2,0) -> SHANI GOHIL | Z29: LP041,CX014 | AA29: 02.09.2021 | AB29: - | AC29: =LEFT(G29,2) -> 98 | AE29: HIMANSHU
A30: 28 | B30: 1009616633 | C30: 21.08.2021 | D30: NA | E30: NA | F30: NA(Tag Not Available) | G30: 987200107215 | H30: IR | I30: STD | J30: A063 | K30: =VLOOKUP(J30,Sheet2!A:B,2,0) -> SHANI GOHIL | L30: 1 | M30: =VLOOKUP(L30,Sheet2!D:E,2,0) -> Power Supply Section | N30: 1 | O30: =VLOOKUP(N30,Sheet2!G:H,2,0) -> Dead | P30: 11 | Q30: =VLOOKUP(P30,Sheet2!J:K,2,0) -> IR Declared due to CID -TA | R30: IR | S30: =VLOOKUP(R30,Sheet2!N:O,2,0) -> IREPARABLE | T30: =VLOOKUP(P30,Sheet2!Q:R,2,0) -> IR Normal - Track burn out | U30: IR CID - Water log from other area | V30: 2 | W30: =VLOOKUP(V30,Sheet2!Q:R,2,0) -> IR CID - Water log from other area | X30: =J30 -> A063 | Y30: =VLOOKUP(X30,Sheet2!A:B,2,0) -> SHANI GOHIL | Z30: UP006,UN016 | AA30: 02.09.2021 | AB30: - | AC30: =LEFT(G30,2) -> 98 | AE30: HIMANSHU
A31: 29 | B31: 1009625934 | C31: 21.08.2021 | D31: NA | E31: NA | F31: NA(Tag Not Available) | G31: 987235209879 | H31: IR | I31: STD | J31: A063 | K31: =VLOOKUP(J31,Sheet2!A:B,2,0) -> SHANI GOHIL | L31: 7 | M31: =VLOOKUP(L31,Sheet2!D:E,2,0) -> Card Reader Section | N31: 36 | O31: =VLOOKUP(N31,Sheet2!G:H,2,0) -> Error -1 | P31: 11 | Q31: =VLOOKUP(P31,Sheet2!J:K,2,0) -> IR Declared due to CID -TA | R31: IR | S31: =VLOOKUP(R31,Sheet2!N:O,2,0) -> IREPARABLE | T31: =VLOOKUP(P31,Sheet2!Q:R,2,0) -> IR Normal - Track burn out | U31: IR CID - Tampered Track burn out | V31: 4 | W31: =VLOOKUP(V31,Sheet2!Q:R,2,0) -> IR CID - Tampered Track burn out | X31: =J31 -> A063 | Y31: =VLOOKUP(X31,Sheet2!A:B,2,0) -> SHANI GOHIL | Z31: UX001 | AA31: 02.09.2021 | AB31: - | AC31: =LEFT(G31,2) -> 98 | AE31: HIMANSHU
A32: 30 | B32: 1009628154 | C32: 14.08.2021 | D32: NA | E32: NA | F32: NA(Tag Not Available) | G32: 942102965301 | H32: IR | I32: STD | J32: A063 | K32: =VLOOKUP(J32,Sheet2!A:B,2,0) -> SHANI GOHIL | L32: 1 | M32: =VLOOKUP(L32,Sheet2!D:E,2,0) -> Power Supply Section | N32: 2 | O32: =VLOOKUP(N32,Sheet2!G:H,2,0) -> Dead Intermittent | P32: 12 | Q32: =VLOOKUP(P32,Sheet2!J:K,2,0) -> IR Declared due to Others ( IR Normal)TB | R32: IR | S32: =VLOOKUP(R32,Sheet2!N:O,2,0) -> IREPARABLE | T32: =VLOOKUP(P32,Sheet2!Q:R,2,0) -> IR Normal - BER to IR | U32: IR Normal - Multiple time repair | V32: 9 | W32: =VLOOKUP(V32,Sheet2!Q:R,2,0) -> IR Normal - Multiple time repair | X32: =J32 -> A063 | Y32: =VLOOKUP(X32,Sheet2!A:B,2,0) -> SHANI GOHIL | Z32: UD1 | AA32: 02.09.2021 | AB32: - | AC32: =LEFT(G32,2) -> 94 | AE32: HIMANSHU
A33: =1+A32 -> 31 | B33: 1009565314 | C33: 20.08.2021 | D33: NA | E33: NA | F33: NA(Tag Not Available) | G33: 943164962897 | H33: IR | I33: STD | J33: A031 | K33: =VLOOKUP(J33,Sheet2!A:B,2,0) -> NITIN PRANAMI | L33: 1 | M33: =VLOOKUP(L33,Sheet2!D:E,2,0) -> Power Supply Section | N33: 24 | O33: =VLOOKUP(N33,Sheet2!G:H,2,0) -> STB Auto moving -Stand by mode | P33: 12 | Q33: =VLOOKUP(P33,Sheet2!J:K,2,0) -> IR Declared due to Others ( IR Normal)TB | R33: IR | S33: =VLOOKUP(R33,Sheet2!N:O,2,0) -> IREPARABLE | T33: =VLOOKUP(P33,Sheet2!Q:R,2,0) -> IR Normal - BER to IR | U33: IR Normal -TrackRust/InternalDamage/open | V33: 8 | W33: =VLOOKUP(V33,Sheet2!Q:R,2,0) -> IR Normal -TrackRust/InternalDamage/open | X33: =J33 -> A031 | Y33: =VLOOKUP(X33,Sheet2!A:B,2,0) -> NITIN PRANAMI | Z33: U1,U5,U6,U4,U5,U12,U14 | AA33: 02.09.2021 | AB33: - | AC33: =LEFT(G33,2) -> 94 | AE33: HIMANSHU
A34: =1+A33 -> 32 | B34: 1009570945 | C34: 20.08.2021 | D34: W3.018 | E34: UPGRADE | F34: Upgrade Tag Available | G34: 954319131809 | H34: IR | I34: STD | J34: A063 | K34: =VLOOKUP(J34,Sheet2!A:B,2,0) -> SHANI GOHIL | L34: 5 | M34: =VLOOKUP(L34,Sheet2!D:E,2,0) -> Main Processor CPU BGA | N34: 24 | O34: =VLOOKUP(N34,Sheet2!G:H,2,0) -> STB Auto moving -Stand by mode | P34: 12 | Q34: =VLOOKUP(P34,Sheet2!J:K,2,0) -> IR Declared due to Others ( IR Normal)TB | R34: IR | S34: =VLOOKUP(R34,Sheet2!N:O,2,0) -> IREPARABLE | T34: =VLOOKUP(P34,Sheet2!Q:R,2,0) -> IR Normal - BER to IR | U34: IR Normal -TrackRust/InternalDamage/open | V34: 8 | W34: =VLOOKUP(V34,Sheet2!Q:R,2,0) -> IR Normal -TrackRust/InternalDamage/open | X34: =J34 -> A063 | Y34: =VLOOKUP(X34,Sheet2!A:B,2,0) -> SHANI GOHIL | Z34: U300,U304,U307,U1000 | AA34: 02.09.2021 | AB34: - | AC34: =LEFT(G34,2) -> 95 | AE34: HIMANSHU
A35: =1+A34 -> 33 | B35: 1009574505 | C35: 21.08.2021 | D35: NA | E35: STANDBY | F35: Def Tag Available | G35: 775240041456 | H35: IR | I35: JADE HD | J35: A050 | K35: =VLOOKUP(J35,Sheet2!A:B,2,0) -> PIYUSH CHAVDA | L35: 1 | M35: =VLOOKUP(L35,Sheet2!D:E,2,0) -> Power Supply Section | N35: 24 | O35: =VLOOKUP(N35,Sheet2!G:H,2,0) -> STB Auto moving -Stand by mode | P35: 12 | Q35: =VLOOKUP(P35,Sheet2!J:K,2,0) -> IR Declared due to Others ( IR Normal)TB | R35: IR | S35: =VLOOKUP(R35,Sheet2!N:O,2,0) -> IREPARABLE | T35: =VLOOKUP(P35,Sheet2!Q:R,2,0) -> IR Normal - BER to IR | U35: IR CID - Tampered Track burn out | V35: 11 | W35: =VLOOKUP(V35,Sheet2!Q:R,2,0) -> IR Normal - Track burn out | X35: =J35 -> A050 | Y35: =VLOOKUP(X35,Sheet2!A:B,2,0) -> PIYUSH CHAVDA | Z35: U502 | AA35: 02.09.2021 | AB35: - | AC35: =LEFT(G35,2) -> 77 | AE35: HIMANSHU
A36: =1+A35 -> 34 | B36: 1009569924 | C36: 20.08.2021 | D36: W3.030 | E36: STANDBY | F36: Def Tag Available | G36: 775318176895 | H36: IR | I36: JADE HD | J36: A031 | K36: =VLOOKUP(J36,Sheet2!A:B,2,0) -> NITIN PRANAMI | L36: 1 | M36: =VLOOKUP(L36,Sheet2!D:E,2,0) -> Power Supply Section | N36: 24 | O36: =VLOOKUP(N36,Sheet2!G:H,2,0) -> STB Auto moving -Stand by mode | P36: 12 | Q36: =VLOOKUP(P36,Sheet2!J:K,2,0) -> IR Declared due to Others ( IR Normal)TB | R36: IR | S36: =VLOOKUP(R36,Sheet2!N:O,2,0) -> IREPARABLE | T36: =VLOOKUP(P36,Sheet2!Q:R,2,0) -> IR Normal - BER to IR | U36: IR Normal -TrackRust/InternalDamage/open | V36: 8 | W36: =VLOOKUP(V36,Sheet2!Q:R,2,0) -> IR Normal -TrackRust/InternalDamage/open | X36: =J36 -> A031 | Y36: =VLOOKUP(X36,Sheet2!A:B,2,0) -> NITIN PRANAMI | Z36: U1103,U1104,U502,J6 | AA36: 02.09.2021 | AB36: - | AC36: =LEFT(G36,2) -> 77 | AE36: HIMANSHU
A37: =1+A36 -> 35 | B37: 1009571192 | C37: 20.08.2021 | D37: W3.031 | E37: DEAD | F37: Def Tag Available | G37: 775335236888 | H37: IR | I37: JADE HD | J37: A031 | K37: =VLOOKUP(J37,Sheet2!A:B,2,0) -> NITIN PRANAMI | L37: 1 | M37: =VLOOKUP(L37,Sheet2!D:E,2,0) -> Power Supply Section | N37: 1 | O37: =VLOOKUP(N37,Sheet2!G:H,2,0) -> Dead | P37: 12 | Q37: =VLOOKUP(P37,Sheet2!J:K,2,0) -> IR Declared due to Others ( IR Normal)TB | R37: IR | S37: =VLOOKUP(R37,Sheet2!N:O,2,0) -> IREPARABLE | T37: =VLOOKUP(P37,Sheet2!Q:R,2,0) -> IR Normal - BER to IR | U37: IR Normal -TrackRust/InternalDamage/open | V37: 8 | W37: =VLOOKUP(V37,Sheet2!Q:R,2,0) -> IR Normal -TrackRust/InternalDamage/open | X37: =J37 -> A031 | Y37: =VLOOKUP(X37,Sheet2!A:B,2,0) -> NITIN PRANAMI | Z37: U1103,U1104,U502,J6 | AA37: 02.09.2021 | AB37: - | AC37: =LEFT(G37,2) -> 77 | AE37: HIMANSHU
A38: =1+A37 -> 36 | B38: 1009573534 | C38: 21.08.2021 | D38: NA | E38: DEAD | F38: Def Tag Available | G38: 775322107969 | H38: IR | I38: JADE HD | J38: A009 | K38: =VLOOKUP(J38,Sheet2!A:B,2,0) -> AKASH BAROT | L38: 1 | M38: =VLOOKUP(L38,Sheet2!D:E,2,0) -> Power Supply Section | N38: 1 | O38: =VLOOKUP(N38,Sheet2!G:H,2,0) -> Dead | P38: 12 | Q38: =VLOOKUP(P38,Sheet2!J:K,2,0) -> IR Declared due to Others ( IR Normal)TB | R38: IR | S38: =VLOOKUP(R38,Sheet2!N:O,2,0) -> IREPARABLE | T38: =VLOOKUP(P38,Sheet2!Q:R,2,0) -> IR Normal - BER to IR | U38: IR CID - Tampered Track burn out | V38: 11 | W38: =VLOOKUP(V38,Sheet2!Q:R,2,0) -> IR Normal - Track burn out | X38: =J38 -> A009 | Y38: =VLOOKUP(X38,Sheet2!A:B,2,0) -> AKASH BAROT | Z38: U502 | AA38: 02.09.2021 | AB38: - | AC38: =LEFT(G38,2) -> 77 | AE38: HIMANSHU
A39: =1+A38 -> 37 | B39: 1009567138 | C39: 20.08.2021 | D39: W3.007 | E39: STANDBY | F39: Def Tag Available | G39: 775156036870 | H39: IR | I39: JADE HD | J39: A053 | K39: =VLOOKUP(J39,Sheet2!A:B,2,0) -> DEVENDRA RAJPUT | L39: 1 | M39: =VLOOKUP(L39,Sheet2!D:E,2,0) -> Power Supply Section | N39: 1 | O39: =VLOOKUP(N39,Sheet2!G:H,2,0) -> Dead | P39: 12 | Q39: =VLOOKUP(P39,Sheet2!J:K,2,0) -> IR Declared due to Others ( IR Normal)TB | R39: IR | S39: =VLOOKUP(R39,Sheet2!N:O,2,0) -> IREPARABLE | T39: =VLOOKUP(P39,Sheet2!Q:R,2,0) -> IR Normal - BER to IR | U39: IR CID - Tampered Track burn out | V39: 11 | W39: =VLOOKUP(V39,Sheet2!Q:R,2,0) -> IR Normal - Track burn out | X39: =J39 -> A053 | Y39: =VLOOKUP(X39,Sheet2!A:B,2,0) -> DEVENDRA RAJPUT | Z39: U502 | AA39: 02.09.2021 | AB39: - | AC39: =LEFT(G39,2) -> 77 | AE39: HIMANSHU
A40: =1+A39 -> 38 | B40: 1009574120 | C40: 21.08.2021 | D40: NA | E40: NO SIGNAL | F40: Def Tag Available | G40: 775244099237 | H40: IR | I40: JADE HD | J40: A042 | K40: =VLOOKUP(J40,Sheet2!A:B,2,0) -> ANKIT RANA | L40: 2 | M40: =VLOOKUP(L40,Sheet2!D:E,2,0) -> Tuner Section | N40: 6 | O40: =VLOOKUP(N40,Sheet2!G:H,2,0) -> No Signal | P40: 12 | Q40: =VLOOKUP(P40,Sheet2!J:K,2,0) -> IR Declared due to Others ( IR Normal)TB | R40: IR | S40: =VLOOKUP(R40,Sheet2!N:O,2,0) -> IREPARABLE | T40: =VLOOKUP(P40,Sheet2!Q:R,2,0) -> IR Normal - BER to IR | U40: IR CID - Tampered Track burn out | V40: 11 | W40: =VLOOKUP(V40,Sheet2!Q:R,2,0) -> IR Normal - Track burn out | X40: =J40 -> A042 | Y40: =VLOOKUP(X40,Sheet2!A:B,2,0) -> ANKIT RANA | Z40: U502 | AA40: 02.09.2021 | AB40: - | AC40: =LEFT(G40,2) -> 77 | AE40: HIMANSHU
A41: =1+A40 -> 39 | B41: 1009543394 | C41: 14.08.2021 | D41: NA | E41: STANDBY | F41: Def Tag Available | G41: 775079106933 | H41: BER TO IR | I41: JADE HD | J41: A018 | K41: =VLOOKUP(J41,Sheet2!A:B,2,0) -> PRAKASH CHAVDA | L41: 5 | M41: =VLOOKUP(L41,Sheet2!D:E,2,0) -> Main Processor CPU BGA | N41: 24 | O41: =VLOOKUP(N41,Sheet2!G:H,2,0) -> STB Auto moving -Stand by mode | P41: 12 | Q41: =VLOOKUP(P41,Sheet2!J:K,2,0) -> IR Declared due to Others ( IR Normal)TB | R41: IR | S41: =VLOOKUP(R41,Sheet2!N:O,2,0) -> IREPARABLE | T41: =VLOOKUP(P41,Sheet2!Q:R,2,0) -> IR Normal - BER to IR | U41: IR Normal - BER to IR | V41: 12 | W41: =VLOOKUP(V41,Sheet2!Q:R,2,0) -> IR Normal - BER to IR | X41: =J41 -> A018 | Y41: =VLOOKUP(X41,Sheet2!A:B,2,0) -> PRAKASH CHAVDA | Z41: U313 | AA41: 02.09.2021 | AB41: - | AC41: =LEFT(G41,2) -> 77 | AE41: HIMANSHU
A42: =1+A41 -> 40 | B42: 1009595780 | C42: 28.06.2021 | D42: W3.017 | E42: DEAD | F42: Def Tag Available | G42: 134211199721 | H42: BER TO IR | I42: STD | J42: A018 | K42: =VLOOKUP(J42,Sheet2!A:B,2,0) -> PRAKASH CHAVDA | L42: 5 | M42: =VLOOKUP(L42,Sheet2!D:E,2,0) -> Main Processor CPU BGA | N42: 1 | O42: =VLOOKUP(N42,Sheet2!G:H,2,0) -> Dead | P42: 12 | Q42: =VLOOKUP(P42,Sheet2!J:K,2,0) -> IR Declared due to Others ( IR Normal)TB | R42: IR | S42: =VLOOKUP(R42,Sheet2!N:O,2,0) -> IREPARABLE | T42: =VLOOKUP(P42,Sheet2!Q:R,2,0) -> IR Normal - BER to IR | U42: IR Normal - BER to IR | V42: 12 | W42: =VLOOKUP(V42,Sheet2!Q:R,2,0) -> IR Normal - BER to IR | X42: =J42 -> A018 | Y42: =VLOOKUP(X42,Sheet2!A:B,2,0) -> PRAKASH CHAVDA | Z42: U313 | AA42: 02.09.2021 | AB42: - | AC42: =LEFT(G42,2) -> 13 | AE42: HIMANSHU
A43: =1+A42 -> 41 | B43: 1009581146 | C43: 21.08.2021 | D43: W3.031 | E43: UPGRADE | F43: Upgrade Tag Available | G43: 134114135715 | H43: BER TO IR | I43: STD | J43: A018 | K43: =VLOOKUP(J43,Sheet2!A:B,2,0) -> PRAKASH CHAVDA | L43: 5 | M43: =VLOOKUP(L43,Sheet2!D:E,2,0) -> Main Processor CPU BGA | N43: 1 | O43: =VLOOKUP(N43,Sheet2!G:H,2,0) -> Dead | P43: 12 | Q43: =VLOOKUP(P43,Sheet2!J:K,2,0) -> IR Declared due to Others ( IR Normal)TB | R43: IR | S43: =VLOOKUP(R43,Sheet2!N:O,2,0) -> IREPARABLE | T43: =VLOOKUP(P43,Sheet2!Q:R,2,0) -> IR Normal - BER to IR | U43: IR Normal - BER to IR | V43: 12 | W43: =VLOOKUP(V43,Sheet2!Q:R,2,0) -> IR Normal - BER to IR | X43: =J43 -> A018 | Y43: =VLOOKUP(X43,Sheet2!A:B,2,0) -> PRAKASH CHAVDA | Z43: U313 | AA43: 02.09.2021 | AB43: - | AC43: =LEFT(G43,2) -> 13 | AE43: HIMANSHU
A44: =1+A43 -> 42 | B44: 1009566772 | C44: 20.08.2021 | D44: W3.212 | E44: NA | F44: NA(Tag Not Available) | G44: 134127131685 | H44: BER TO IR | I44: STD | J44: A018 | K44: =VLOOKUP(J44,Sheet2!A:B,2,0) -> PRAKASH CHAVDA | L44: 5 | M44: =VLOOKUP(L44,Sheet2!D:E,2,0) -> Main Processor CPU BGA | N44: 24 | O44: =VLOOKUP(N44,Sheet2!G:H,2,0) -> STB Auto moving -Stand by mode | P44: 12 | Q44: =VLOOKUP(P44,Sheet2!J:K,2,0) -> IR Declared due to Others ( IR Normal)TB | R44: IR | S44: =VLOOKUP(R44,Sheet2!N:O,2,0) -> IREPARABLE | T44: =VLOOKUP(P44,Sheet2!Q:R,2,0) -> IR Normal - BER to IR | U44: IR Normal - BER to IR | V44: 12 | W44: =VLOOKUP(V44,Sheet2!Q:R,2,0) -> IR Normal - BER to IR | X44: =J44 -> A018 | Y44: =VLOOKUP(X44,Sheet2!A:B,2,0) -> PRAKASH CHAVDA | Z44: U313 | AA44: 02.09.2021 | AB44: - | AC44: =LEFT(G44,2) -> 13 | AE44: HIMANSHU
... A145: =1+A144 -> 143 | B145: 1009586839 | C145: 23.08.2021 | D145: NA | E145: DEAD | F145: Def Tag Available | G145: 651308001627 | H145: BER TO IR | I145: KAON HD | J145: A018 | K145: =VLOOKUP(J145,Sheet2!A:B,2,0) -> PRAKASH CHAVDA | L145: 5 | M145: =VLOOKUP(L145,Sheet2!D:E,2,0) -> Main Processor CPU BGA | N145: 1 | O145: =VLOOKUP(N145,Sheet2!G:H,2,0) -> Dead | P145: 12 | Q145: =VLOOKUP(P145,Sheet2!J:K,2,0) -> IR Declared due to Others ( IR Normal)TB | R145: IR | S145: =VLOOKUP(R145,Sheet2!N:O,2,0) -> IREPARABLE | T145: =VLOOKUP(P145,Sheet2!Q:R,2,0) -> IR Normal - BER to IR | U145: IR Normal - BER to IR | V145: 12 | W145: =VLOOKUP(V145,Sheet2!Q:R,2,0) -> IR Normal - BER to IR | X145: =J145 -> A018 | Y145: =VLOOKUP(X145,Sheet2!A:B,2,0) -> PRAKASH CHAVDA | Z145: U1 | AA145: 03.09.2021 | AB145: - | AC145: =LEFT(G145,2) -> 65 | AE145: HIMANSHU
A146: =1+A145 -> 144 | B146: 1009507798 | C146: 25.08.2021 | D146: NA | E146: NA | F146: NA(Tag Not Available) | G146: 651152009379 | H146: BER TO IR | I146: KAON HD | J146: A018 | K146: =VLOOKUP(J146,Sheet2!A:B,2,0) -> PRAKASH CHAVDA | L146: 5 | M146: =VLOOKUP(L146,Sheet2!D:E,2,0) -> Main Processor CPU BGA | N146: 1 | O146: =VLOOKUP(N146,Sheet2!G:H,2,0) -> Dead | P146: 12 | Q146: =VLOOKUP(P146,Sheet2!J:K,2,0) -> IR Declared due to Others ( IR Normal)TB | R146: IR | S146: =VLOOKUP(R146,Sheet2!N:O,2,0) -> IREPARABLE | T146: =VLOOKUP(P146,Sheet2!Q:R,2,0) -> IR Normal - BER to IR | U146: IR Normal - BER to IR | V146: 12 | W146: =VLOOKUP(V146,Sheet2!Q:R,2,0) -> IR Normal - BER to IR | X146: A018 | Y146: =VLOOKUP(X146,Sheet2!A:B,2,0) -> PRAKASH CHAVDA | Z146: U1 | AA146: 07.09.2021 | AB146: - | AC146: =LEFT(G146,2) -> 65 | AE146: HIMANSHU
A147: =1+A146 -> 145 | B147: 1009603403 | C147: 25.08.2021 | D147: W4.222 | E147: DEAD | F147: Def Tag Available | G147: 651162018535 | H147: BER TO IR | I147: KAON HD | J147: A018 | K147: =VLOOKUP(J147,Sheet2!A:B,2,0) -> PRAKASH CHAVDA | L147: 5 | M147: =VLOOKUP(L147,Sheet2!D:E,2,0) -> Main Processor CPU BGA | N147: 1 | O147: =VLOOKUP(N147,Sheet2!G:H,2,0) -> Dead | P147: 12 | Q147: =VLOOKUP(P147,Sheet2!J:K,2,0) -> IR Declared due to Others ( IR Normal)TB | R147: IR | S147: =VLOOKUP(R147,Sheet2!N:O,2,0) -> IREPARABLE | T147: =VLOOKUP(P147,Sheet2!Q:R,2,0) -> IR Normal - BER to IR | U147: IR Normal - BER to IR | V147: 12 | W147: =VLOOKUP(V147,Sheet2!Q:R,2,0) -> IR Normal - BER to IR | X147: A018 | Y147: =VLOOKUP(X147,Sheet2!A:B,2,0) -> PRAKASH CHAVDA | Z147: U1 | AA147: 07.09.2021 | AB147: - | AC147: =LEFT(G147,2) -> 65 | AE147: HIMANSHU
A148: =1+A147 -> 146 | B148: 1009602192 | C148: 03.08.2021 | D148: NA | E148: NA | F148: NA(Tag Not Available) | G148: 651017000282 | H148: BER TO IR | I148: KAON HD | J148: A018 | K148: =VLOOKUP(J148,Sheet2!A:B,2,0) -> PRAKASH CHAVDA | L148: 5 | M148: =VLOOKUP(L148,Sheet2!D:E,2,0) -> Main Processor CPU BGA | N148: 1 | O148: =VLOOKUP(N148,Sheet2!G:H,2,0) -> Dead | P148: 12 | Q148: =VLOOKUP(P148,Sheet2!J:K,2,0) -> IR Declared due to Others ( IR Normal)TB | R148: IR | S148: =VLOOKUP(R148,Sheet2!N:O,2,0) -> IREPARABLE | T148: =VLOOKUP(P148,Sheet2!Q:R,2,0) -> IR Normal - BER to IR | U148: IR Normal - BER to IR | V148: 12 | W148: =VLOOKUP(V148,Sheet2!Q:R,2,0) -> IR Normal - BER to IR | X148: A018 | Y148: =VLOOKUP(X148,Sheet2!A:B,2,0) -> PRAKASH CHAVDA | Z148: U1 | AA148: 07.09.2021 | AB148: - | AC148: =LEFT(G148,2) -> 65 | AE148: HIMANSHU
A149: =1+A148 -> 147 | B149: 1009583980 | C149: 23.08.2021 | D149: W3.100 | E149: DEAD | F149: Def Tag Available | G149: 651103011466 | H149: BER TO IR | I149: KAON HD | J149: A018 | K149: =VLOOKUP(J149,Sheet2!A:B,2,0) -> PRAKASH CHAVDA | L149: 5 | M149: =VLOOKUP(L149,Sheet2!D:E,2,0) -> Main Processor CPU BGA | N149: 1 | O149: =VLOOKUP(N149,Sheet2!G:H,2,0) -> Dead | P149: 12 | Q149: =VLOOKUP(P149,Sheet2!J:K,2,0) -> IR Declared due to Others ( IR Normal)TB | R149: IR | S149: =VLOOKUP(R149,Sheet2!N:O,2,0) -> IREPARABLE | T149: =VLOOKUP(P149,Sheet2!Q:R,2,0) -> IR Normal - BER to IR | U149: IR Normal - BER to IR | V149: 12 | W149: =VLOOKUP(V149,Sheet2!Q:R,2,0) -> IR Normal - BER to IR | X149: A018 | Y149: =VLOOKUP(X149,Sheet2!A:B,2,0) -> PRAKASH CHAVDA | Z149: U1 | AA149: 07.09.2021 | AB149: - | AC149: =LEFT(G149,2) -> 65 | AE149: HIMANSHU
A150: =1+A149 -> 148 | B150: 1009611268 | C150: 25.08.2021 | D150: NA | E150: DEAD | F150: Def Tag Available | G150: 651119015444 | H150: BER TO IR | I150: KAON HD | J150: A018 | K150: =VLOOKUP(J150,Sheet2!A:B,2,0) -> PRAKASH CHAVDA | L150: 5 | M150: =VLOOKUP(L150,Sheet2!D:E,2,0) -> Main Processor CPU BGA | N150: 1 | O150: =VLOOKUP(N150,Sheet2!G:H,2,0) -> Dead | P150: 12 | Q150: =VLOOKUP(P150,Sheet2!J:K,2,0) -> IR Declared due to Others ( IR Normal)TB | R150: IR | S150: =VLOOKUP(R150,Sheet2!N:O,2,0) -> IREPARABLE | T150: =VLOOKUP(P150,Sheet2!Q:R,2,0) -> IR Normal - BER to IR | U150: IR Normal - BER to IR | V150: 12 | W150: =VLOOKUP(V150,Sheet2!Q:R,2,0) -> IR Normal - BER to IR | X150: A018 | Y150: =VLOOKUP(X150,Sheet2!A:B,2,0) -> PRAKASH CHAVDA | Z150: U1 | AA150: 07.09.2021 | AB150: - | AC150: =LEFT(G150,2) -> 65 | AE150: HIMANSHU
A151: =1+A150 -> 149 | B151: 1009602917 | C151: 24.08.2021 | D151: W4.380 | E151: NO SIGNAL | F151: Def Tag Available | G151: 651298005893 | H151: BER TO IR | I151: KAON HD | J151: A018 | K151: =VLOOKUP(J151,Sheet2!A:B,2,0) -> PRAKASH CHAVDA | L151: 5 | M151: =VLOOKUP(L151,Sheet2!D:E,2,0) -> Main Processor CPU BGA | N151: 36 | O151: =VLOOKUP(N151,Sheet2!G:H,2,0) -> Error -1 | P151: 12 | Q151: =VLOOKUP(P151,Sheet2!J:K,2,0) -> IR Declared due to Others ( IR Normal)TB | R151: IR | S151: =VLOOKUP(R151,Sheet2!N:O,2,0) -> IREPARABLE | T151: =VLOOKUP(P151,Sheet2!Q:R,2,0) -> IR Normal - BER to IR | U151: IR Normal - BER to IR | V151: 12 | W151: =VLOOKUP(V151,Sheet2!Q:R,2,0) -> IR Normal - BER to IR | X151: A018 | Y151: =VLOOKUP(X151,Sheet2!A:B,2,0) -> PRAKASH CHAVDA | Z151: U1 | AA151: 07.09.2021 | AB151: - | AC151: =LEFT(G151,2) -> 65 | AE151: HIMANSHU
A152: =1+A151 -> 150 | B152: 1009603986 | C152: 31.08.2021 | D152: NA | E152: NA | F152: NA(Tag Not Available) | G152: 651074031659 | H152: BER TO IR | I152: KAON HD | J152: A018 | K152: =VLOOKUP(J152,Sheet2!A:B,2,0) -> PRAKASH CHAVDA | L152: 5 | M152: =VLOOKUP(L152,Sheet2!D:E,2,0) -> Main Processor CPU BGA | N152: 24 | O152: =VLOOKUP(N152,Sheet2!G:H,2,0) -> STB Auto moving -Stand by mode | P152: 12 | Q152: =VLOOKUP(P152,Sheet2!J:K,2,0) -> IR Declared due to Others ( IR Normal)TB | R152: IR | S152: =VLOOKUP(R152,Sheet2!N:O,2,0) -> IREPARABLE | T152: =VLOOKUP(P152,Sheet2!Q:R,2,0) -> IR Normal - BER to IR | U152: IR Normal - BER to IR | V152: 12 | W152: =VLOOKUP(V152,Sheet2!Q:R,2,0) -> IR Normal - BER to IR | X152: A018 | Y152: =VLOOKUP(X152,Sheet2!A:B,2,0) -> PRAKASH CHAVDA | Z152: U1 | AA152: 07.09.2021 | AB152: - | AC152: =LEFT(G152,2) -> 65 | AE152: HIMANSHU
A153: =1+A152 -> 151 | B153: 1009611379 | C153: 25.08.2021 | D153: W3.028 | E153: HANG | F153: Def Tag Available | G153: 651069016491 | H153: BER TO IR | I153: KAON HD | J153: A018 | K153: =VLOOKUP(J153,Sheet2!A:B,2,0) -> PRAKASH CHAVDA | L153: 5 | M153: =VLOOKUP(L153,Sheet2!D:E,2,0) -> Main Processor CPU BGA | N153: 24 | O153: =VLOOKUP(N153,Sheet2!G:H,2,0) -> STB Auto moving -Stand by mode | P153: 12 | Q153: =VLOOKUP(P153,Sheet2!J:K,2,0) -> IR Declared due to Others ( IR Normal)TB | R153: IR | S153: =VLOOKUP(R153,Sheet2!N:O,2,0) -> IREPARABLE | T153: =VLOOKUP(P153,Sheet2!Q:R,2,0) -> IR Normal - BER to IR | U153: IR Normal - BER to IR | V153: 12 | W153: =VLOOKUP(V153,Sheet2!Q:R,2,0) -> IR Normal - BER to IR | X153: A018 | Y153: =VLOOKUP(X153,Sheet2!A:B,2,0) -> PRAKASH CHAVDA | Z153: U1 | AA153: 07.09.2021 | AB153: - | AC153: =LEFT(G153,2) -> 65 | AE153: HIMANSHU
A154: =1+A153 -> 152 | B154: 1009611906 | C154: 25.08.2021 | D154: NA | E154: UPGRADE | F154: Upgrade Tag Available | G154: 651161011317 | H154: BER TO IR | I154: KAON HD | J154: A018 | K154: =VLOOKUP(J154,Sheet2!A:B,2,0) -> PRAKASH CHAVDA | L154: 5 | M154: =VLOOKUP(L154,Sheet2!D:E,2,0) -> Main Processor CPU BGA | N154: 1 | O154: =VLOOKUP(N154,Sheet2!G:H,2,0) -> Dead | P154: 12 | Q154: =VLOOKUP(P154,Sheet2!J:K,2,0) -> IR Declared due to Others ( IR Normal)TB | R154: IR | S154: =VLOOKUP(R154,Sheet2!N:O,2,0) -> IREPARABLE | T154: =VLOOKUP(P154,Sheet2!Q:R,2,0) -> IR Normal - BER to IR | U154: IR Normal - BER to IR | V154: 12 | W154: =VLOOKUP(V154,Sheet2!Q:R,2,0) -> IR Normal - BER to IR | X154: A018 | Y154: =VLOOKUP(X154,Sheet2!A:B,2,0) -> PRAKASH CHAVDA | Z154: U1 | AA154: 07.09.2021 | AB154: - | AC154: =LEFT(G154,2) -> 65 | AE154: HIMANSHU
A155: =1+A154 -> 153 | B155: 1009611921 | C155: 25.08.2021 | D155: NA | E155: DEAD | F155: Def Tag Available | G155: 650176008912 | H155: BER TO IR | I155: KAON HD | J155: A018 | K155: =VLOOKUP(J155,Sheet2!A:B,2,0) -> PRAKASH CHAVDA | L155: 5 | M155: =VLOOKUP(L155,Sheet2!D:E,2,0) -> Main Processor CPU BGA | N155: 1 | O155: =VLOOKUP(N155,Sheet2!G:H,2,0) -> Dead | P155: 12 | Q155: =VLOOKUP(P155,Sheet2!J:K,2,0) -> IR Declared due to Others ( IR Normal)TB | R155: IR | S155: =VLOOKUP(R155,Sheet2!N:O,2,0) -> IREPARABLE | T155: =VLOOKUP(P155,Sheet2!Q:R,2,0) -> IR Normal - BER to IR | U155: IR Normal - BER to IR | V155: 12 | W155: =VLOOKUP(V155,Sheet2!Q:R,2,0) -> IR Normal - BER to IR | X155: A018 | Y155: =VLOOKUP(X155,Sheet2!A:B,2,0) -> PRAKASH CHAVDA | Z155: U1 | AA155: 07.09.2021 | AB155: - | AC155: =LEFT(G155,2) -> 65 | AE155: HIMANSHU
A156: =1+A155 -> 154 | B156: 1009586837 | C156: 23.08.2021 | D156: NA | E156: DEAD | F156: Def Tag Available | G156: 651071000087 | H156: BER TO IR | I156: KAON HD | J156: A018 | K156: =VLOOKUP(J156,Sheet2!A:B,2,0) -> PRAKASH CHAVDA | L156: 5 | M156: =VLOOKUP(L156,Sheet2!D:E,2,0) -> Main Processor CPU BGA | N156: 1 | O156: =VLOOKUP(N156,Sheet2!G:H,2,0) -> Dead | P156: 12 | Q156: =VLOOKUP(P156,Sheet2!J:K,2,0) -> IR Declared due to Others ( IR Normal)TB | R156: IR | S156: =VLOOKUP(R156,Sheet2!N:O,2,0) -> IREPARABLE | T156: =VLOOKUP(P156,Sheet2!Q:R,2,0) -> IR Normal - BER to IR | U156: IR Normal - BER to IR | V156: 12 | W156: =VLOOKUP(V156,Sheet2!Q:R,2,0) -> IR Normal - BER to IR | X156: A018 | Y156: =VLOOKUP(X156,Sheet2!A:B,2,0) -> PRAKASH CHAVDA | Z156: U1 | AA156: 07.09.2021 | AB156: - | AC156: =LEFT(G156,2) -> 65 | AE156: HIMANSHU
A157: =1+A156 -> 155 | B157: 1009601158 | C157: 24.08.2021 | D157: W4.380 | E157: DEAD | F157: Def Tag Available | G157: 651298000175 | H157: BER TO IR | I157: KAON HD | J157: A018 | K157: =VLOOKUP(J157,Sheet2!A:B,2,0) -> PRAKASH CHAVDA | L157: 5 | M157: =VLOOKUP(L157,Sheet2!D:E,2,0) -> Main Processor CPU BGA | N157: 1 | O157: =VLOOKUP(N157,Sheet2!G:H,2,0) -> Dead | P157: 12 | Q157: =VLOOKUP(P157,Sheet2!J:K,2,0) -> IR Declared due to Others ( IR Normal)TB | R157: IR | S157: =VLOOKUP(R157,Sheet2!N:O,2,0) -> IREPARABLE | T157: =VLOOKUP(P157,Sheet2!Q:R,2,0) -> IR Normal - BER to IR | U157: IR Normal - BER to IR | V157: 12 | W157: =VLOOKUP(V157,Sheet2!Q:R,2,0) -> IR Normal - BER to IR | X157: A018 | Y157: =VLOOKUP(X157,Sheet2!A:B,2,0) -> PRAKASH CHAVDA | Z157: U1 | AA157: 07.09.2021 | AB157: - | AC157: =LEFT(G157,2) -> 65 | AE157: HIMANSHU
... A245: =1+A244 -> 243 | B245: 1009610588 | C245: 25.08.2021 | D245: W3.032 | E245: DEAD | F245: Def Tag Available | G245: 943255919434 | H245: BER TO IR | I245: STD | J245: A018 | K245: =VLOOKUP(J245,Sheet2!A:B,2,0) -> PRAKASH CHAVDA | L245: 5 | M245: =VLOOKUP(L245,Sheet2!D:E,2,0) -> Main Processor CPU BGA | N245: 24 | O245: =VLOOKUP(N245,Sheet2!G:H,2,0) -> STB Auto moving -Stand by mode | P245: 12 | Q245: =VLOOKUP(P245,Sheet2!J:K,2,0) -> IR Declared due to Others ( IR Normal)TB | R245: IR | S245: =VLOOKUP(R245,Sheet2!N:O,2,0) -> IREPARABLE | T245: =VLOOKUP(P245,Sheet2!Q:R,2,0) -> IR Normal - BER to IR | U245: IR Normal - BER to IR | V245: 12 | W245: =VLOOKUP(V245,Sheet2!Q:R,2,0) -> IR Normal - BER to IR | X245: A018 | Y245: =VLOOKUP(X245,Sheet2!A:B,2,0) -> PRAKASH CHAVDA | Z245: UD1 | AA245: 07.09.2021 | AB245: - | AC245: =LEFT(G245,2) -> 94 | AE245: HIMANSHU
A246: =1+A245 -> 244 | B246: 1009506956 | C246: 25.08.2021 | D246: W3.013 | E246: DEAD | F246: Def Tag Available | G246: 985349403495 | H246: BER TO IR | I246: STD | J246: A018 | K246: =VLOOKUP(J246,Sheet2!A:B,2,0) -> PRAKASH CHAVDA | L246: 5 | M246: =VLOOKUP(L246,Sheet2!D:E,2,0) -> Main Processor CPU BGA | N246: 1 | O246: =VLOOKUP(N246,Sheet2!G:H,2,0) -> Dead | P246: 12 | Q246: =VLOOKUP(P246,Sheet2!J:K,2,0) -> IR Declared due to Others ( IR Normal)TB | R246: IR | S246: =VLOOKUP(R246,Sheet2!N:O,2,0) -> IREPARABLE | T246: =VLOOKUP(P246,Sheet2!Q:R,2,0) -> IR Normal - BER to IR | U246: IR Normal - BER to IR | V246: 12 | W246: =VLOOKUP(V246,Sheet2!Q:R,2,0) -> IR Normal - BER to IR | X246: =J246 -> A018 | Y246: =VLOOKUP(X246,Sheet2!A:B,2,0) -> PRAKASH CHAVDA | Z246: UM003 | AA246: 10.09.2021 | AB246: - | AC246: =LEFT(G246,2) -> 98 | AE246: HIMANSHU
A247: =1+A246 -> 245 | B247: 1009613787 | C247: 31.08.2021 | D247: NA | E247: UPGRADE | F247: Upgrade Tag Available | G247: 985318185958 | H247: BER TO IR | I247: STD | J247: A018 | K247: =VLOOKUP(J247,Sheet2!A:B,2,0) -> PRAKASH CHAVDA | L247: 5 | M247: =VLOOKUP(L247,Sheet2!D:E,2,0) -> Main Processor CPU BGA | N247: 1 | O247: =VLOOKUP(N247,Sheet2!G:H,2,0) -> Dead | P247: 12 | Q247: =VLOOKUP(P247,Sheet2!J:K,2,0) -> IR Declared due to Others ( IR Normal)TB | R247: IR | S247: =VLOOKUP(R247,Sheet2!N:O,2,0) -> IREPARABLE | T247: =VLOOKUP(P247,Sheet2!Q:R,2,0) -> IR Normal - BER to IR | U247: IR Normal - BER to IR | V247: 12 | W247: =VLOOKUP(V247,Sheet2!Q:R,2,0) -> IR Normal - BER to IR | X247: =J247 -> A018 | Y247: =VLOOKUP(X247,Sheet2!A:B,2,0) -> PRAKASH CHAVDA | Z247: UM003 | AA247: 10.09.2021 | AB247: - | AC247: =LEFT(G247,2) -> 98 | AE247: HIMANSHU
A248: =1+A247 -> 246 | B248: 1009607710 | C248: 25.08.2021 | D248: W3.007 | E248: NA | F248: NA(Tag Not Available) | G248: 986219113396 | H248: BER TO IR | I248: STD | J248: A018 | K248: =VLOOKUP(J248,Sheet2!A:B,2,0) -> PRAKASH CHAVDA | L248: 5 | M248: =VLOOKUP(L248,Sheet2!D:E,2,0) -> Main Processor CPU BGA | N248: 24 | O248: =VLOOKUP(N248,Sheet2!G:H,2,0) -> STB Auto moving -Stand by mode | P248: 12 | Q248: =VLOOKUP(P248,Sheet2!J:K,2,0) -> IR Declared due to Others ( IR Normal)TB | R248: IR | S248: =VLOOKUP(R248,Sheet2!N:O,2,0) -> IREPARABLE | T248: =VLOOKUP(P248,Sheet2!Q:R,2,0) -> IR Normal - BER to IR | U248: IR Normal - BER to IR | V248: 12 | W248: =VLOOKUP(V248,Sheet2!Q:R,2,0) -> IR Normal - BER to IR | X248: =J248 -> A018 | Y248: =VLOOKUP(X248,Sheet2!A:B,2,0) -> PRAKASH CHAVDA | Z248: UM003 | AA248: 10.09.2021 | AB248: - | AC248: =LEFT(G248,2) -> 98 | AE248: HIMANSHU
A249: =1+A248 -> 247 | B249: 1009616876 | C249: 31.08.2021 | D249: W3.030 | E249: STANDBY | F249: Def Tag Available | G249: 986172222192 | H249: BER TO IR | I249: STD | J249: A018 | K249: =VLOOKUP(J249,Sheet2!A:B,2,0) -> PRAKASH CHAVDA | L249: 5 | M249: =VLOOKUP(L249,Sheet2!D:E,2,0) -> Main Processor CPU BGA | N249: 24 | O249: =VLOOKUP(N249,Sheet2!G:H,2,0) -> STB Auto moving -Stand by mode | P249: 12 | Q249: =VLOOKUP(P249,Sheet2!J:K,2,0) -> IR Declared due to Others ( IR Normal)TB | R249: IR | S249: =VLOOKUP(R249,Sheet2!N:O,2,0) -> IREPARABLE | T249: =VLOOKUP(P249,Sheet2!Q:R,2,0) -> IR Normal - BER to IR | U249: IR Normal - BER to IR | V249: 12 | W249: =VLOOKUP(V249,Sheet2!Q:R,2,0) -> IR Normal - BER to IR | X249: =J249 -> A018 | Y249: =VLOOKUP(X249,Sheet2!A:B,2,0) -> PRAKASH CHAVDA | Z249: UM003 | AA249: 10.09.2021 | AB249: - | AC249: =LEFT(G249,2) -> 98 | AE249: HIMANSHU
A250: =1+A249 -> 248 | B250: 1009610804 | C250: 25.08.2021 | D250: W3.212 | E250: STANDBY | F250: Def Tag Available | G250: 987275115614 | H250: BER TO IR | I250: STD | J250: A018 | K250: =VLOOKUP(J250,Sheet2!A:B,2,0) -> PRAKASH CHAVDA | L250: 5 | M250: =VLOOKUP(L250,Sheet2!D:E,2,0) -> Main Processor CPU BGA | N250: 1 | O250: =VLOOKUP(N250,Sheet2!G:H,2,0) -> Dead | P250: 12 | Q250: =VLOOKUP(P250,Sheet2!J:K,2,0) -> IR Declared due to Others ( IR Normal)TB | R250: IR | S250: =VLOOKUP(R250,Sheet2!N:O,2,0) -> IREPARABLE | T250: =VLOOKUP(P250,Sheet2!Q:R,2,0) -> IR Normal - BER to IR | U250: IR Normal - BER to IR | V250: 12 | W250: =VLOOKUP(V250,Sheet2!Q:R,2,0) -> IR Normal - BER to IR | X250: =J250 -> A018 | Y250: =VLOOKUP(X250,Sheet2!A:B,2,0) -> PRAKASH CHAVDA | Z250: UM003 | AA250: 10.09.2021 | AB250: - | AC250: =LEFT(G250,2) -> 98 | AE250: HIMANSHU
A251: =1+A250 -> 249 | B251: 1009616219 | C251: 31.08.2021 | D251: W3.210 | E251: DEAD | F251: Def Tag Available | G251: 985340117896 | H251: BER TO IR | I251: STD | J251: A018 | K251: =VLOOKUP(J251,Sheet2!A:B,2,0) -> PRAKASH CHAVDA | L251: 5 | M251: =VLOOKUP(L251,Sheet2!D:E,2,0) -> Main Processor CPU BGA | N251: 1 | O251: =VLOOKUP(N251,Sheet2!G:H,2,0) -> Dead | P251: 12 | Q251: =VLOOKUP(P251,Sheet2!J:K,2,0) -> IR Declared due to Others ( IR Normal)TB | R251: IR | S251: =VLOOKUP(R251,Sheet2!N:O,2,0) -> IREPARABLE | T251: =VLOOKUP(P251,Sheet2!Q:R,2,0) -> IR Normal - BER to IR | U251: IR Normal - BER to IR | V251: 12 | W251: =VLOOKUP(V251,Sheet2!Q:R,2,0) -> IR Normal - BER to IR | X251: =J251 -> A018 | Y251: =VLOOKUP(X251,Sheet2!A:B,2,0) -> PRAKASH CHAVDA | Z251: UM003 | AA251: 10.09.2021 | AB251: - | AC251: =LEFT(G251,2) -> 98 | AE251: HIMANSHU
A252: =1+A251 -> 250 | B252: 1009616268 | C252: 31.08.2021 | D252: NA | E252: NA | F252: NA(Tag Not Available) | G252: 985323117806 | H252: BER TO IR | I252: STD | J252: A018 | K252: =VLOOKUP(J252,Sheet2!A:B,2,0) -> PRAKASH CHAVDA | L252: 5 | M252: =VLOOKUP(L252,Sheet2!D:E,2,0) -> Main Processor CPU BGA | N252: 6 | O252: =VLOOKUP(N252,Sheet2!G:H,2,0) -> No Signal | P252: 12 | Q252: =VLOOKUP(P252,Sheet2!J:K,2,0) -> IR Declared due to Others ( IR Normal)TB | R252: IR | S252: =VLOOKUP(R252,Sheet2!N:O,2,0) -> IREPARABLE | T252: =VLOOKUP(P252,Sheet2!Q:R,2,0) -> IR Normal - BER to IR | U252: IR Normal - BER to IR | V252: 12 | W252: =VLOOKUP(V252,Sheet2!Q:R,2,0) -> IR Normal - BER to IR | X252: =J252 -> A018 | Y252: =VLOOKUP(X252,Sheet2!A:B,2,0) -> PRAKASH CHAVDA | Z252: UM003 | AA252: 10.09.2021 | AB252: - | AC252: =LEFT(G252,2) -> 98 | AE252: HIMANSHU
A253: =1+A252 -> 251 | B253: 1009546901 | C253: 14.08.2021 | D253: NA | E253: NA | F253: NA(Tag Not Available) | G253: 987097112385 | H253: BER TO IR | I253: STD | J253: A018 | K253: =VLOOKUP(J253,Sheet2!A:B,2,0) -> PRAKASH CHAVDA | L253: 5 | M253: =VLOOKUP(L253,Sheet2!D:E,2,0) -> Main Processor CPU BGA | N253: 1 | O253: =VLOOKUP(N253,Sheet2!G:H,2,0) -> Dead | P253: 12 | Q253: =VLOOKUP(P253,Sheet2!J:K,2,0) -> IR Declared due to Others ( IR Normal)TB | R253: IR | S253: =VLOOKUP(R253,Sheet2!N:O,2,0) -> IREPARABLE | T253: =VLOOKUP(P253,Sheet2!Q:R,2,0) -> IR Normal - BER to IR | U253: IR Normal - BER to IR | V253: 12 | W253: =VLOOKUP(V253,Sheet2!Q:R,2,0) -> IR Normal - BER to IR | X253: =J253 -> A018 | Y253: =VLOOKUP(X253,Sheet2!A:B,2,0) -> PRAKASH CHAVDA | Z253: UM003 | AA253: 10.09.2021 | AB253: - | AC253: =LEFT(G253,2) -> 98 | AE253: HIMANSHU
A254: =1+A253 -> 252 | B254: 1009681076 | C254: 21.08.2021 | D254: W3.018 | E254: DEAD | F254: Def Tag Available | G254: 985309132233 | H254: BER TO IR | I254: STD | J254: A018 | K254: =VLOOKUP(J254,Sheet2!A:B,2,0) -> PRAKASH CHAVDA | L254: 5 | M254: =VLOOKUP(L254,Sheet2!D:E,2,0) -> Main Processor CPU BGA | N254: 24 | O254: =VLOOKUP(N254,Sheet2!G:H,2,0) -> STB Auto moving -Stand by mode | P254: 12 | Q254: =VLOOKUP(P254,Sheet2!J:K,2,0) -> IR Declared due to Others ( IR Normal)TB | R254: IR | S254: =VLOOKUP(R254,Sheet2!N:O,2,0) -> IREPARABLE | T254: =VLOOKUP(P254,Sheet2!Q:R,2,0) -> IR Normal - BER to IR | U254: IR Normal - BER to IR | V254: 12 | W254: =VLOOKUP(V254,Sheet2!Q:R,2,0) -> IR Normal - BER to IR | X254: =J254 -> A018 | Y254: =VLOOKUP(X254,Sheet2!A:B,2,0) -> PRAKASH CHAVDA | Z254: UM003 | AA254: 10.09.2021 | AB254: - | AC254: =LEFT(G254,2) -> 98 | AE254: HIMANSHU
A255: =1+A254 -> 253 | B255: 1009616676 | C255: 31.08.2021 | D255: W3.014 | E255: UPGRADE | F255: Upgrade Tag Available | G255: 987278109150 | H255: BER TO IR | I255: STD | J255: A018 | K255: =VLOOKUP(J255,Sheet2!A:B,2,0) -> PRAKASH CHAVDA | L255: 5 | M255: =VLOOKUP(L255,Sheet2!D:E,2,0) -> Main Processor CPU BGA | N255: 6 | O255: =VLOOKUP(N255,Sheet2!G:H,2,0) -> No Signal | P255: 12 | Q255: =VLOOKUP(P255,Sheet2!J:K,2,0) -> IR Declared due to Others ( IR Normal)TB | R255: IR | S255: =VLOOKUP(R255,Sheet2!N:O,2,0) -> IREPARABLE | T255: =VLOOKUP(P255,Sheet2!Q:R,2,0) -> IR Normal - BER to IR | U255: IR Normal - BER to IR | V255: 12 | W255: =VLOOKUP(V255,Sheet2!Q:R,2,0) -> IR Normal - BER to IR | X255: =J255 -> A018 | Y255: =VLOOKUP(X255,Sheet2!A:B,2,0) -> PRAKASH CHAVDA | Z255: UM003 | AA255: 10.09.2021 | AB255: - | AC255: =LEFT(G255,2) -> 98 | AE255: HIMANSHU
A256: =1+A255 -> 254 | B256: 1009610726 | C256: 25.08.2021 | D256: W3.039 | E256: DEAD | F256: Def Tag Available | G256: 987231196971 | H256: BER TO IR | I256: STD | J256: A018 | K256: =VLOOKUP(J256,Sheet2!A:B,2,0) -> PRAKASH CHAVDA | L256: 5 | M256: =VLOOKUP(L256,Sheet2!D:E,2,0) -> Main Processor CPU BGA | N256: 1 | O256: =VLOOKUP(N256,Sheet2!G:H,2,0) -> Dead | P256: 12 | Q256: =VLOOKUP(P256,Sheet2!J:K,2,0) -> IR Declared due to Others ( IR Normal)TB | R256: IR | S256: =VLOOKUP(R256,Sheet2!N:O,2,0) -> IREPARABLE | T256: =VLOOKUP(P256,Sheet2!Q:R,2,0) -> IR Normal - BER to IR | U256: IR Normal - BER to IR | V256: 12 | W256: =VLOOKUP(V256,Sheet2!Q:R,2,0) -> IR Normal - BER to IR | X256: =J256 -> A018 | Y256: =VLOOKUP(X256,Sheet2!A:B,2,0) -> PRAKASH CHAVDA | Z256: UM003 | AA256: 10.09.2021 | AB256: - | AC256: =LEFT(G256,2) -> 98 | AE256: HIMANSHU
A257: =1+A256 -> 255 | B257: 1009610432 | C257: 25.08.2021 | D257: W3.039 | E257: DEAD | F257: Def Tag Available | G257: 987266133907 | H257: BER TO IR | I257: STD | J257: A018 | K257: =VLOOKUP(J257,Sheet2!A:B,2,0) -> PRAKASH CHAVDA | L257: 5 | M257: =VLOOKUP(L257,Sheet2!D:E,2,0) -> Main Processor CPU BGA | N257: 24 | O257: =VLOOKUP(N257,Sheet2!G:H,2,0) -> STB Auto moving -Stand by mode | P257: 12 | Q257: =VLOOKUP(P257,Sheet2!J:K,2,0) -> IR Declared due to Others ( IR Normal)TB | R257: IR | S257: =VLOOKUP(R257,Sheet2!N:O,2,0) -> IREPARABLE | T257: =VLOOKUP(P257,Sheet2!Q:R,2,0) -> IR Normal - BER to IR | U257: IR Normal - BER to IR | V257: 12 | W257: =VLOOKUP(V257,Sheet2!Q:R,2,0) -> IR Normal - BER to IR | X257: =J257 -> A018 | Y257: =VLOOKUP(X257,Sheet2!A:B,2,0) -> PRAKASH CHAVDA | Z257: UM003 | AA257: 10.09.2021 | AB257: - | AC257: =LEFT(G257,2) -> 98 | AE257: HIMANSHU
... A384: =1+A383 -> 382 | B384: 1009618695 | C384: 31.08.2021 | D384: NA | E384: NA | F384: NA(Tag Not Available) | G384: 865190113429 | H384: IR | I384: NOVA HD | J384: A053 | K384: =VLOOKUP(J384,Sheet2!A:B,2,0) -> DEVENDRA RAJPUT | L384: 5 | M384: =VLOOKUP(L384,Sheet2!D:E,2,0) -> Main Processor CPU BGA | N384: 24 | O384: =VLOOKUP(N384,Sheet2!G:H,2,0) -> STB Auto moving -Stand by mode | P384: 11 | Q384: =VLOOKUP(P384,Sheet2!J:K,2,0) -> IR Declared due to CID -TA | R384: IR | S384: =VLOOKUP(R384,Sheet2!N:O,2,0) -> IREPARABLE | T384: =VLOOKUP(P384,Sheet2!Q:R,2,0) -> IR Normal - Track burn out | U384: IR CID - Water log from other area | V384: 2 | W384: =VLOOKUP(V384,Sheet2!Q:R,2,0) -> IR CID - Water log from other area | X384: =J384 -> A053 | Y384: =VLOOKUP(X384,Sheet2!A:B,2,0) -> DEVENDRA RAJPUT | Z384: UM001,UP098,UN001 | AA384: 15.09.2021 | AB384: - | AC384: =LEFT(G384,2) -> 86 | AE384: MEGHA
A385: =1+A384 -> 383 | B385: 1009632939 | C385: 08.09.2021 | D385: NA | E385: DEAD | F385: Def Tag Available | G385: 867234248849 | H385: IR | I385: NOVA HD | J385: A018 | K385: =VLOOKUP(J385,Sheet2!A:B,2,0) -> PRAKASH CHAVDA | L385: 1 | M385: =VLOOKUP(L385,Sheet2!D:E,2,0) -> Power Supply Section | N385: 1 | O385: =VLOOKUP(N385,Sheet2!G:H,2,0) -> Dead | P385: 12 | Q385: =VLOOKUP(P385,Sheet2!J:K,2,0) -> IR Declared due to Others ( IR Normal)TB | R385: IR | S385: =VLOOKUP(R385,Sheet2!N:O,2,0) -> IREPARABLE | T385: IR Normal - Track burn out | U385: IR CID - Tampered Track burn out | V385: 11 | W385: =VLOOKUP(V385,Sheet2!Q:R,2,0) -> IR Normal - Track burn out | X385: =J385 -> A018 | Y385: =VLOOKUP(X385,Sheet2!A:B,2,0) -> PRAKASH CHAVDA | Z385: UP056 | AA385: 15.09.2021 | AB385: - | AC385: =LEFT(G385,2) -> 86 | AE385: MEGHA
A386: =1+A385 -> 384 | B386: 1009620505 | C386: 31.08.2021 | D386: W4.520 | E386: DEAD | F386: Def Tag Available | G386: 864328162747 | H386: IR | I386: NOVA HD | J386: A050 | K386: =VLOOKUP(J386,Sheet2!A:B,2,0) -> PIYUSH CHAVDA | L386: 1 | M386: =VLOOKUP(L386,Sheet2!D:E,2,0) -> Power Supply Section | N386: 1 | O386: =VLOOKUP(N386,Sheet2!G:H,2,0) -> Dead | P386: 12 | Q386: =VLOOKUP(P386,Sheet2!J:K,2,0) -> IR Declared due to Others ( IR Normal)TB | R386: IR | S386: =VLOOKUP(R386,Sheet2!N:O,2,0) -> IREPARABLE | T386: =VLOOKUP(P386,Sheet2!Q:R,2,0) -> IR Normal - BER to IR | U386: IR Normal -TrackRust/InternalDamage/open | V386: 8 | W386: =VLOOKUP(V386,Sheet2!Q:R,2,0) -> IR Normal -TrackRust/InternalDamage/open | X386: =J386 -> A050 | Y386: =VLOOKUP(X386,Sheet2!A:B,2,0) -> PIYUSH CHAVDA | Z386: UP056 | AA386: 15.09.2021 | AB386: - | AC386: =LEFT(G386,2) -> 86 | AE386: MEGHA
A387: =1+A386 -> 385 | B387: 1009618721 | C387: 31.08.2021 | D387: W4.222 | E387: DEAD | F387: Def Tag Available | G387: 865325136121 | H387: IR | I387: NOVA HD | J387: A031 | K387: =VLOOKUP(J387,Sheet2!A:B,2,0) -> NITIN PRANAMI | L387: 1 | M387: =VLOOKUP(L387,Sheet2!D:E,2,0) -> Power Supply Section | N387: 1 | O387: =VLOOKUP(N387,Sheet2!G:H,2,0) -> Dead | P387: 12 | Q387: =VLOOKUP(P387,Sheet2!J:K,2,0) -> IR Declared due to Others ( IR Normal)TB | R387: IR | S387: =VLOOKUP(R387,Sheet2!N:O,2,0) -> IREPARABLE | T387: IR Normal - Track burn out | U387: IR CID - Tampered Track burn out | V387: 11 | W387: =VLOOKUP(V387,Sheet2!Q:R,2,0) -> IR Normal - Track burn out | X387: =J387 -> A031 | Y387: =VLOOKUP(X387,Sheet2!A:B,2,0) -> NITIN PRANAMI | Z387: UN001 | AA387: 15.09.2021 | AB387: - | AC387: =LEFT(G387,2) -> 86 | AE387: MEGHA
A388: =1+A387 -> 386 | B388: 1009520493 | C388: 31.08.2021 | D388: NA | E388: NA | F388: NA(Tag Not Available) | G388: 867110204106 | H388: IR | I388: NOVA HD | J388: A050 | K388: =VLOOKUP(J388,Sheet2!A:B,2,0) -> PIYUSH CHAVDA | L388: 1 | M388: =VLOOKUP(L388,Sheet2!D:E,2,0) -> Power Supply Section | N388: 1 | O388: =VLOOKUP(N388,Sheet2!G:H,2,0) -> Dead | P388: 12 | Q388: =VLOOKUP(P388,Sheet2!J:K,2,0) -> IR Declared due to Others ( IR Normal)TB | R388: IR | S388: =VLOOKUP(R388,Sheet2!N:O,2,0) -> IREPARABLE | T388: =VLOOKUP(P388,Sheet2!Q:R,2,0) -> IR Normal - BER to IR | U388: IR Normal -TrackRust/InternalDamage/open | V388: 8 | W388: =VLOOKUP(V388,Sheet2!Q:R,2,0) -> IR Normal -TrackRust/InternalDamage/open | X388: =J388 -> A050 | Y388: =VLOOKUP(X388,Sheet2!A:B,2,0) -> PIYUSH CHAVDA | Z388: UN001 | AA388: 15.09.2021 | AB388: - | AC388: =LEFT(G388,2) -> 86 | AE388: MEGHA
A389: =1+A388 -> 387 | B389: 1009587657 | C389: 24.08.2021 | D389: W4.520 | E389: DEAD | F389: Def Tag Available | G389: 865240285532 | H389: IR | I389: NOVA HD | J389: A006 | K389: =VLOOKUP(J389,Sheet2!A:B,2,0) -> TAKHAT SOLANKI | L389: 5 | M389: =VLOOKUP(L389,Sheet2!D:E,2,0) -> Main Processor CPU BGA | N389: 24 | O389: =VLOOKUP(N389,Sheet2!G:H,2,0) -> STB Auto moving -Stand by mode | P389: 12 | Q389: =VLOOKUP(P389,Sheet2!J:K,2,0) -> IR Declared due to Others ( IR Normal)TB | R389: IR | S389: =VLOOKUP(R389,Sheet2!N:O,2,0) -> IREPARABLE | T389: =VLOOKUP(P389,Sheet2!Q:R,2,0) -> IR Normal - BER to IR | U389: IR Normal -TrackRust/InternalDamage/open | V389: 8 | W389: =VLOOKUP(V389,Sheet2!Q:R,2,0) -> IR Normal -TrackRust/InternalDamage/open | X389: =J389 -> A006 | Y389: =VLOOKUP(X389,Sheet2!A:B,2,0) -> TAKHAT SOLANKI | Z389: UX036,DN009,UP098,UA001 | AA389: 15.09.2021 | AB389: - | AC389: =LEFT(G389,2) -> 86 | AE389: MEGHA
A390: =1+A389 -> 388 | B390: 1009502362 | C390: 05.08.2021 | D390: NA | E390: STANDBY | F390: Def Tag Available | G390: 866292184979 | H390: IR | I390: NOVA HD | J390: A050 | K390: =VLOOKUP(J390,Sheet2!A:B,2,0) -> PIYUSH CHAVDA | L390: 5 | M390: =VLOOKUP(L390,Sheet2!D:E,2,0) -> Main Processor CPU BGA | N390: 1 | O390: =VLOOKUP(N390,Sheet2!G:H,2,0) -> Dead | P390: 11 | Q390: =VLOOKUP(P390,Sheet2!J:K,2,0) -> IR Declared due to CID -TA | R390: IR | S390: =VLOOKUP(R390,Sheet2!N:O,2,0) -> IREPARABLE | T390: =VLOOKUP(P390,Sheet2!Q:R,2,0) -> IR Normal - Track burn out | U390: IR CID - Water log from other area | V390: 2 | W390: =VLOOKUP(V390,Sheet2!Q:R,2,0) -> IR CID - Water log from other area | X390: =J390 -> A050 | Y390: =VLOOKUP(X390,Sheet2!A:B,2,0) -> PIYUSH CHAVDA | Z390: UM001 | AA390: 15.09.2021 | AB390: - | AC390: =LEFT(G390,2) -> 86 | AE390: MEGHA
A391: =1+A390 -> 389 | B391: 1009571688 | C391: 21.08.2021 | D391: W3.223 | E391: STB NOT WORKING | F391: Def Tag Available | G391: 866029154121 | H391: IR | I391: NOVA HD | J391: A005 | K391: =VLOOKUP(J391,Sheet2!A:B,2,0) -> VASANT PARMAR | L391: 5 | M391: =VLOOKUP(L391,Sheet2!D:E,2,0) -> Main Processor CPU BGA | N391: 1 | O391: =VLOOKUP(N391,Sheet2!G:H,2,0) -> Dead | P391: 11 | Q391: =VLOOKUP(P391,Sheet2!J:K,2,0) -> IR Declared due to CID -TA | R391: IR | S391: =VLOOKUP(R391,Sheet2!N:O,2,0) -> IREPARABLE | T391: =VLOOKUP(P391,Sheet2!Q:R,2,0) -> IR Normal - Track burn out | U391: IR CID - Water log from other area | V391: 2 | W391: =VLOOKUP(V391,Sheet2!Q:R,2,0) -> IR CID - Water log from other area | X391: =J391 -> A005 | Y391: =VLOOKUP(X391,Sheet2!A:B,2,0) -> VASANT PARMAR | Z391: UM001,UP098,UA001,UV001 | AA391: 15.09.2021 | AB391: - | AC391: =LEFT(G391,2) -> 86 | AE391: MEGHA
A392: =1+A391 -> 390 | B392: 1009599994 | C392: 19.08.2021 | D392: NA | E392: AUTO ON/STANDBY | F392: Def Tag Available | G392: 865275221584 | H392: IR | I392: NOVA HD | J392: A005 | K392: =VLOOKUP(J392,Sheet2!A:B,2,0) -> VASANT PARMAR | L392: 5 | M392: =VLOOKUP(L392,Sheet2!D:E,2,0) -> Main Processor CPU BGA | N392: 24 | O392: =VLOOKUP(N392,Sheet2!G:H,2,0) -> STB Auto moving -Stand by mode | P392: 11 | Q392: =VLOOKUP(P392,Sheet2!J:K,2,0) -> IR Declared due to CID -TA | R392: IR | S392: =VLOOKUP(R392,Sheet2!N:O,2,0) -> IREPARABLE | T392: =VLOOKUP(P392,Sheet2!Q:R,2,0) -> IR Normal - Track burn out | U392: IR CID - Water log from IF port | V392: 1 | W392: =VLOOKUP(V392,Sheet2!Q:R,2,0) -> IR CID - Water log from IF port | X392: =J392 -> A005 | Y392: =VLOOKUP(X392,Sheet2!A:B,2,0) -> VASANT PARMAR | Z392: EH002 | AA392: 15.09.2021 | AB392: - | AC392: =LEFT(G392,2) -> 86 | AE392: MEGHA
A393: =1+A392 -> 391 | B393: 1009614923 | C393: 31.08.2021 | D393: NA | E393: DEAD | F393: Def Tag Available | G393: 865342327547 | H393: IR | I393: NOVA HD | J393: A031 | K393: =VLOOKUP(J393,Sheet2!A:B,2,0) -> NITIN PRANAMI | L393: 1 | M393: =VLOOKUP(L393,Sheet2!D:E,2,0) -> Power Supply Section | N393: 1 | O393: =VLOOKUP(N393,Sheet2!G:H,2,0) -> Dead | P393: 12 | Q393: =VLOOKUP(P393,Sheet2!J:K,2,0) -> IR Declared due to Others ( IR Normal)TB | R393: IR | S393: =VLOOKUP(R393,Sheet2!N:O,2,0) -> IREPARABLE | T393: =VLOOKUP(P393,Sheet2!Q:R,2,0) -> IR Normal - BER to IR | U393: IR Normal -TrackRust/InternalDamage/open | V393: 8 | W393: =VLOOKUP(V393,Sheet2!Q:R,2,0) -> IR Normal -TrackRust/InternalDamage/open | X393: =J393 -> A031 | Y393: =VLOOKUP(X393,Sheet2!A:B,2,0) -> NITIN PRANAMI | Z393: UP098,UN001,UA001,UV001,UM001 | AA393: 15.09.2021 | AB393: - | AC393: =LEFT(G393,2) -> 86 | AE393: MEGHA
A394: =1+A393 -> 392 | B394: 1009620997 | C394: 31.08.2021 | D394: NA | E394: NA | F394: NA(Tag Not Available) | G394: 864340120392 | H394: IR | I394: NOVA HD | J394: A005 | K394: =VLOOKUP(J394,Sheet2!A:B,2,0) -> VASANT PARMAR | L394: 5 | M394: =VLOOKUP(L394,Sheet2!D:E,2,0) -> Main Processor CPU BGA | N394: 1 | O394: =VLOOKUP(N394,Sheet2!G:H,2,0) -> Dead | P394: 11 | Q394: =VLOOKUP(P394,Sheet2!J:K,2,0) -> IR Declared due to CID -TA | R394: IR | S394: =VLOOKUP(R394,Sheet2!N:O,2,0) -> IREPARABLE | T394: =VLOOKUP(P394,Sheet2!Q:R,2,0) -> IR Normal - Track burn out | U394: IR CID - Water log from other area | V394: 2 | W394: =VLOOKUP(V394,Sheet2!Q:R,2,0) -> IR CID - Water log from other area | X394: =J394 -> A005 | Y394: =VLOOKUP(X394,Sheet2!A:B,2,0) -> VASANT PARMAR | Z394: UM001,UP098,UN001 | AA394: 15.09.2021 | AB394: - | AC394: =LEFT(G394,2) -> 86 | AE394: MEGHA
A395: =1+A394 -> 393 | B395: 1009630036 | C395: 07.09.2021 | D395: NA | E395: DEAD | F395: Def Tag Available | G395: 866027150865 | H395: IR | I395: NOVA HD | J395: A050 | K395: =VLOOKUP(J395,Sheet2!A:B,2,0) -> PIYUSH CHAVDA | L395: 1 | M395: =VLOOKUP(L395,Sheet2!D:E,2,0) -> Power Supply Section | N395: 1 | O395: =VLOOKUP(N395,Sheet2!G:H,2,0) -> Dead | P395: 12 | Q395: =VLOOKUP(P395,Sheet2!J:K,2,0) -> IR Declared due to Others ( IR Normal)TB | R395: IR | S395: =VLOOKUP(R395,Sheet2!N:O,2,0) -> IREPARABLE | T395: =VLOOKUP(P395,Sheet2!Q:R,2,0) -> IR Normal - BER to IR | U395: IR Normal -TrackRust/InternalDamage/open | V395: 8 | W395: =VLOOKUP(V395,Sheet2!Q:R,2,0) -> IR Normal -TrackRust/InternalDamage/open | X395: =J395 -> A050 | Y395: =VLOOKUP(X395,Sheet2!A:B,2,0) -> PIYUSH CHAVDA | Z395: UM001,UP098,UN001 | AA395: 15.09.2021 | AB395: - | AC395: =LEFT(G395,2) -> 86 | AE395: MEGHA
A396: =1+A395 -> 394 | B396: 1009618714 | C396: 31.08.2021 | D396: NA | E396: NA | F396: NA(Tag Not Available) | G396: 865274458674 | H396: IR | I396: NOVA HD | J396: A053 | K396: =VLOOKUP(J396,Sheet2!A:B,2,0) -> DEVENDRA RAJPUT | L396: 2 | M396: =VLOOKUP(L396,Sheet2!D:E,2,0) -> Tuner Section | N396: 6 | O396: =VLOOKUP(N396,Sheet2!G:H,2,0) -> No Signal | P396: 12 | Q396: =VLOOKUP(P396,Sheet2!J:K,2,0) -> IR Declared due to Others ( IR Normal)TB | R396: IR | S396: =VLOOKUP(R396,Sheet2!N:O,2,0) -> IREPARABLE | T396: =VLOOKUP(P396,Sheet2!Q:R,2,0) -> IR Normal - BER to IR | U396: IR Normal -TrackRust/InternalDamage/open | V396: 8 | W396: =VLOOKUP(V396,Sheet2!Q:R,2,0) -> IR Normal -TrackRust/InternalDamage/open | X396: =J396 -> A053 | Y396: =VLOOKUP(X396,Sheet2!A:B,2,0) -> DEVENDRA RAJPUT | Z396: UM001,UN001 | AA396: 15.09.2021 | AB396: - | AC396: =LEFT(G396,2) -> 86 | AE396: MEGHA
A397: =1+A396 -> 395 | B397: 1009617620 | C397: 31.08.2021 | D397: NA | E397: NA | F397: NA(Tag Not Available) | G397: 866015218930 | H397: IR | I397: NOVA HD | J397: A050 | K397: =VLOOKUP(J397,Sheet2!A:B,2,0) -> PIYUSH CHAVDA | L397: 5 | M397: =VLOOKUP(L397,Sheet2!D:E,2,0) -> Main Processor CPU BGA | N397: 1 | O397: =VLOOKUP(N397,Sheet2!G:H,2,0) -> Dead | P397: 12 | Q397: =VLOOKUP(P397,Sheet2!J:K,2,0) -> IR Declared due to Others ( IR Normal)TB | R397: IR | S397: =VLOOKUP(R397,Sheet2!N:O,2,0) -> IREPARABLE | T397: =VLOOKUP(P397,Sheet2!Q:R,2,0) -> IR Normal - BER to IR | U397: IR Normal -TrackRust/InternalDamage/open | V397: 8 | W397: =VLOOKUP(V397,Sheet2!Q:R,2,0) -> IR Normal -TrackRust/InternalDamage/open | X397: =J397 -> A050 | Y397: =VLOOKUP(X397,Sheet2!A:B,2,0) -> PIYUSH CHAVDA | Z397: UM001,UN001 | AA397: 15.09.2021 | AB397: - | AC397: =LEFT(G397,2) -> 86 | AE397: MEGHA
A398: =1+A397 -> 396 | B398: 1009567782 | C398: 20.08.2021 | D398: NA | E398: NA | F398: NA(Tag Not Available) | G398: 865273173357 | H398: IR | I398: NOVA HD | J398: A005 | K398: =VLOOKUP(J398,Sheet2!A:B,2,0) -> VASANT PARMAR | L398: 5 | M398: =VLOOKUP(L398,Sheet2!D:E,2,0) -> Main Processor CPU BGA | N398: 24 | O398: =VLOOKUP(N398,Sheet2!G:H,2,0) -> STB Auto moving -Stand by mode | P398: 11 | Q398: =VLOOKUP(P398,Sheet2!J:K,2,0) -> IR Declared due to CID -TA | R398: IR | S398: =VLOOKUP(R398,Sheet2!N:O,2,0) -> IREPARABLE | T398: =VLOOKUP(P398,Sheet2!Q:R,2,0) -> IR Normal - Track burn out | U398: IR CID - Water log from other area | V398: 2 | W398: =VLOOKUP(V398,Sheet2!Q:R,2,0) -> IR CID - Water log from other area | X398: =J398 -> A005 | Y398: =VLOOKUP(X398,Sheet2!A:B,2,0) -> VASANT PARMAR | Z398: UM001,UN001,UP098 | AA398: 15.09.2021 | AB398: - | AC398: =LEFT(G398,2) -> 86 | AE398: MEGHA
A399: =1+A398 -> 397 | B399: 1009606850 | C399: 25.08.2021 | D399: W3.007 | E399: DEAD | F399: Def Tag Available | G399: 868127169655 | H399: IR | I399: NOVA HD | J399: A006 | K399: =VLOOKUP(J399,Sheet2!A:B,2,0) -> TAKHAT SOLANKI | L399: 5 | M399: =VLOOKUP(L399,Sheet2!D:E,2,0) -> Main Processor CPU BGA | N399: 24 | O399: =VLOOKUP(N399,Sheet2!G:H,2,0) -> STB Auto moving -Stand by mode | P399: 12 | Q399: =VLOOKUP(P399,Sheet2!J:K,2,0) -> IR Declared due to Others ( IR Normal)TB | R399: IR | S399: =VLOOKUP(R399,Sheet2!N:O,2,0) -> IREPARABLE | T399: =VLOOKUP(P399,Sheet2!Q:R,2,0) -> IR Normal - BER to IR | U399: IR Normal -TrackRust/InternalDamage/open | V399: 8 | W399: =VLOOKUP(V399,Sheet2!Q:R,2,0) -> IR Normal -TrackRust/InternalDamage/open | X399: =J399 -> A006 | Y399: =VLOOKUP(X399,Sheet2!A:B,2,0) -> TAKHAT SOLANKI | Z399: UP098,UX036,UV001,UA001 | AA399: 15.09.2021 | AB399: - | AC399: =LEFT(G399,2) -> 86 | AE399: MEGHA
... A471: =1+A470 -> 469 | B471: 1009496190 | C471: 03.08.2021 | D471: W4.228 | E471: DEAD | F471: Def Tag Available | G471: 879284264477 | H471: IR | I471: PANNA | J471: A007 | K471: =VLOOKUP(J471,Sheet2!A:B,2,0) -> HARIRAM GUPTA | L471: 5 | M471: =VLOOKUP(L471,Sheet2!D:E,2,0) -> Main Processor CPU BGA | N471: 1 | O471: =VLOOKUP(N471,Sheet2!G:H,2,0) -> Dead | P471: 11 | Q471: =VLOOKUP(P471,Sheet2!J:K,2,0) -> IR Declared due to CID -TA | R471: IR | S471: =VLOOKUP(R471,Sheet2!N:O,2,0) -> IREPARABLE | T471: =VLOOKUP(P471,Sheet2!Q:R,2,0) -> IR Normal - Track burn out | U471: IR CID - Water log from IF port | V471: 1 | W471: =VLOOKUP(V471,Sheet2!Q:R,2,0) -> IR CID - Water log from IF port | X471: =J471 -> A007 | Y471: =VLOOKUP(X471,Sheet2!A:B,2,0) -> HARIRAM GUPTA | Z471: EH81 | AA471: 15.09.2021 | AB471: - | AC471: =LEFT(G471,2) -> 87 | AE471: MEGHA
A472: =1+A471 -> 470 | B472: 1009606707 | C472: 25.08.2021 | D472: W3.007 | E472: DEAD & AUTO ON/STANDBY | F472: Def Tag Available | G472: 879238158361 | H472: IR | I472: PANNA | J472: A050 | K472: =VLOOKUP(J472,Sheet2!A:B,2,0) -> PIYUSH CHAVDA | L472: 1 | M472: =VLOOKUP(L472,Sheet2!D:E,2,0) -> Power Supply Section | N472: 1 | O472: =VLOOKUP(N472,Sheet2!G:H,2,0) -> Dead | P472: 12 | Q472: =VLOOKUP(P472,Sheet2!J:K,2,0) -> IR Declared due to Others ( IR Normal)TB | R472: IR | S472: =VLOOKUP(R472,Sheet2!N:O,2,0) -> IREPARABLE | T472: IR Normal - Track burn out | U472: IR CID - Tampered Track burn out | V472: 11 | W472: =VLOOKUP(V472,Sheet2!Q:R,2,0) -> IR Normal - Track burn out | X472: =J472 -> A050 | Y472: =VLOOKUP(X472,Sheet2!A:B,2,0) -> PIYUSH CHAVDA | Z472: UH71 | AA472: 15.09.2021 | AB472: - | AC472: =LEFT(G472,2) -> 87 | AE472: MEGHA
A473: =1+A472 -> 471 | B473: 1009606696 | C473: 25.08.2021 | D473: W3.218 | E473: DEAD | F473: Def Tag Available | G473: 878230188244 | H473: IR | I473: PANNA | J473: A050 | K473: =VLOOKUP(J473,Sheet2!A:B,2,0) -> PIYUSH CHAVDA | L473: 1 | M473: =VLOOKUP(L473,Sheet2!D:E,2,0) -> Power Supply Section | N473: 1 | O473: =VLOOKUP(N473,Sheet2!G:H,2,0) -> Dead | P473: 12 | Q473: =VLOOKUP(P473,Sheet2!J:K,2,0) -> IR Declared due to Others ( IR Normal)TB | R473: IR | S473: =VLOOKUP(R473,Sheet2!N:O,2,0) -> IREPARABLE | T473: =VLOOKUP(P473,Sheet2!Q:R,2,0) -> IR Normal - BER to IR | U473: IR Normal -TrackRust/InternalDamage/open | V473: 8 | W473: =VLOOKUP(V473,Sheet2!Q:R,2,0) -> IR Normal -TrackRust/InternalDamage/open | X473: =J473 -> A050 | Y473: =VLOOKUP(X473,Sheet2!A:B,2,0) -> PIYUSH CHAVDA | Z473: EH81 | AA473: 15.09.2021 | AB473: - | AC473: =LEFT(G473,2) -> 87 | AE473: MEGHA
A474: =1+A473 -> 472 | B474: 1009610526 | C474: 25.08.2021 | D474: NA | E474: NA | F474: NA(Tag Not Available) | G474: 853238742169 | H474: IR | I474: TECH HD | J474: A053 | K474: =VLOOKUP(J474,Sheet2!A:B,2,0) -> DEVENDRA RAJPUT | L474: 1 | M474: =VLOOKUP(L474,Sheet2!D:E,2,0) -> Power Supply Section | N474: 1 | O474: =VLOOKUP(N474,Sheet2!G:H,2,0) -> Dead | P474: 12 | Q474: =VLOOKUP(P474,Sheet2!J:K,2,0) -> IR Declared due to Others ( IR Normal)TB | R474: IR | S474: =VLOOKUP(R474,Sheet2!N:O,2,0) -> IREPARABLE | T474: =VLOOKUP(P474,Sheet2!Q:R,2,0) -> IR Normal - BER to IR | U474: IR Normal -TrackRust/InternalDamage/open | V474: 8 | W474: =VLOOKUP(V474,Sheet2!Q:R,2,0) -> IR Normal -TrackRust/InternalDamage/open | X474: =J474 -> A053 | Y474: =VLOOKUP(X474,Sheet2!A:B,2,0) -> DEVENDRA RAJPUT | Z474: U6,UD1,U5,U3 | AA474: 15.09.2021 | AB474: - | AC474: =LEFT(G474,2) -> 85 | AE474: MEGHA
A475: =1+A474 -> 473 | B475: 1009602858 | C475: 24.08.2021 | D475: NA | E475: NA | F475: NA(Tag Not Available) | G475: 844114754683 | H475: IR | I475: TECH HD | J475: A031 | K475: =VLOOKUP(J475,Sheet2!A:B,2,0) -> NITIN PRANAMI | L475: 1 | M475: =VLOOKUP(L475,Sheet2!D:E,2,0) -> Power Supply Section | N475: 1 | O475: =VLOOKUP(N475,Sheet2!G:H,2,0) -> Dead | P475: 11 | Q475: =VLOOKUP(P475,Sheet2!J:K,2,0) -> IR Declared due to CID -TA | R475: IR | S475: =VLOOKUP(R475,Sheet2!N:O,2,0) -> IREPARABLE | T475: =VLOOKUP(P475,Sheet2!Q:R,2,0) -> IR Normal - Track burn out | U475: IR CID - Water log from other area | V475: 2 | W475: =VLOOKUP(V475,Sheet2!Q:R,2,0) -> IR CID - Water log from other area | X475: =J475 -> A031 | Y475: =VLOOKUP(X475,Sheet2!A:B,2,0) -> NITIN PRANAMI | Z475: U1,U3,U16,U5,U6,U4,U41 | AA475: 15.09.2021 | AB475: - | AC475: =LEFT(G475,2) -> 84 | AE475: MEGHA
A476: =1+A475 -> 474 | B476: 1009571312 | C476: 20.08.2021 | D476: NA | E476: NA | F476: NA(Tag Not Available) | G476: 853262781422 | H476: IR | I476: TECH HD | J476: A031 | K476: =VLOOKUP(J476,Sheet2!A:B,2,0) -> NITIN PRANAMI | L476: 1 | M476: =VLOOKUP(L476,Sheet2!D:E,2,0) -> Power Supply Section | N476: 1 | O476: =VLOOKUP(N476,Sheet2!G:H,2,0) -> Dead | P476: 11 | Q476: =VLOOKUP(P476,Sheet2!J:K,2,0) -> IR Declared due to CID -TA | R476: IR | S476: =VLOOKUP(R476,Sheet2!N:O,2,0) -> IREPARABLE | T476: =VLOOKUP(P476,Sheet2!Q:R,2,0) -> IR Normal - Track burn out | U476: IR CID - Water log from other area | V476: 2 | W476: =VLOOKUP(V476,Sheet2!Q:R,2,0) -> IR CID - Water log from other area | X476: =J476 -> A031 | Y476: =VLOOKUP(X476,Sheet2!A:B,2,0) -> NITIN PRANAMI | Z476: U1,U3,U4,U10 | AA476: 15.09.2021 | AB476: - | AC476: =LEFT(G476,2) -> 85 | AE476: MEGHA
A477: =1+A476 -> 475 | B477: 1009540668 | C477: 13.08.2021 | D477: W4.320 | E477: DEAD | F477: Def Tag Available | G477: 853308780081 | H477: IR | I477: TECH HD | J477: A050 | K477: =VLOOKUP(J477,Sheet2!A:B,2,0) -> PIYUSH CHAVDA | L477: 1 | M477: =VLOOKUP(L477,Sheet2!D:E,2,0) -> Power Supply Section | N477: 1 | O477: =VLOOKUP(N477,Sheet2!G:H,2,0) -> Dead | P477: 11 | Q477: =VLOOKUP(P477,Sheet2!J:K,2,0) -> IR Declared due to CID -TA | R477: IR | S477: =VLOOKUP(R477,Sheet2!N:O,2,0) -> IREPARABLE | T477: =VLOOKUP(P477,Sheet2!Q:R,2,0) -> IR Normal - Track burn out | U477: IR CID - Water log from other area | V477: 2 | W477: =VLOOKUP(V477,Sheet2!Q:R,2,0) -> IR CID - Water log from other area | X477: =J477 -> A050 | Y477: =VLOOKUP(X477,Sheet2!A:B,2,0) -> PIYUSH CHAVDA | Z477: U3,R4,R7,R323 | AA477: 15.09.2021 | AB477: - | AC477: =LEFT(G477,2) -> 85 | AE477: MEGHA
A478: =1+A477 -> 476 | B478: 1009557664 | C478: 19.08.2021 | D478: NA | E478: NA | F478: NA(Tag Not Available) | G478: 844094712321 | H478: IR | I478: TECH HD | J478: A005 | K478: =VLOOKUP(J478,Sheet2!A:B,2,0) -> VASANT PARMAR | L478: 5 | M478: =VLOOKUP(L478,Sheet2!D:E,2,0) -> Main Processor CPU BGA | N478: 1 | O478: =VLOOKUP(N478,Sheet2!G:H,2,0) -> Dead | P478: 11 | Q478: =VLOOKUP(P478,Sheet2!J:K,2,0) -> IR Declared due to CID -TA | R478: IR | S478: =VLOOKUP(R478,Sheet2!N:O,2,0) -> IREPARABLE | T478: =VLOOKUP(P478,Sheet2!Q:R,2,0) -> IR Normal - Track burn out | U478: IR CID - Tampered TrackOpen/Reworkdone | V478: 3 | W478: =VLOOKUP(V478,Sheet2!Q:R,2,0) -> IR CID - Tampered TrackOpen/Reworkdone | X478: =J478 -> A005 | Y478: =VLOOKUP(X478,Sheet2!A:B,2,0) -> VASANT PARMAR | Z478: U1 | AA478: 15.09.2021 | AB478: - | AC478: =LEFT(G478,2) -> 84 | AE478: MEGHA
A479: =1+A478 -> 477 | B479: 1009570008 | C479: 20.08.2021 | D479: NA | E479: NA | F479: NA(Tag Not Available) | G479: 853243761659 | H479: IR | I479: TECH HD | J479: A005 | K479: =VLOOKUP(J479,Sheet2!A:B,2,0) -> VASANT PARMAR | L479: 5 | M479: =VLOOKUP(L479,Sheet2!D:E,2,0) -> Main Processor CPU BGA | N479: 1 | O479: =VLOOKUP(N479,Sheet2!G:H,2,0) -> Dead | P479: 11 | Q479: =VLOOKUP(P479,Sheet2!J:K,2,0) -> IR Declared due to CID -TA | R479: IR | S479: =VLOOKUP(R479,Sheet2!N:O,2,0) -> IREPARABLE | T479: =VLOOKUP(P479,Sheet2!Q:R,2,0) -> IR Normal - Track burn out | U479: IR CID - Water log from other area | V479: 2 | W479: =VLOOKUP(V479,Sheet2!Q:R,2,0) -> IR CID - Water log from other area | X479: =J479 -> A005 | Y479: =VLOOKUP(X479,Sheet2!A:B,2,0) -> VASANT PARMAR | Z479: UD1,U6,U4,U41 | AA479: 15.09.2021 | AB479: - | AC479: =LEFT(G479,2) -> 85 | AE479: MEGHA
A480: =1+A479 -> 478 | B480: 1009532053 | C480: 12.08.2021 | D480: W3.206 | E480: DEAD | F480: Def Tag Available | G480: 844066741522 | H480: IR | I480: TECH HD | J480: A050 | K480: =VLOOKUP(J480,Sheet2!A:B,2,0) -> PIYUSH CHAVDA | L480: 5 | M480: =VLOOKUP(L480,Sheet2!D:E,2,0) -> Main Processor CPU BGA | N480: 1 | O480: =VLOOKUP(N480,Sheet2!G:H,2,0) -> Dead | P480: 11 | Q480: =VLOOKUP(P480,Sheet2!J:K,2,0) -> IR Declared due to CID -TA | R480: IR | S480: =VLOOKUP(R480,Sheet2!N:O,2,0) -> IREPARABLE | T480: =VLOOKUP(P480,Sheet2!Q:R,2,0) -> IR Normal - Track burn out | U480: IR CID - Water log from other area | V480: 2 | W480: =VLOOKUP(V480,Sheet2!Q:R,2,0) -> IR CID - Water log from other area | X480: =J480 -> A050 | Y480: =VLOOKUP(X480,Sheet2!A:B,2,0) -> PIYUSH CHAVDA | Z480: UD1,U3,R4,R7,U10 | AA480: 15.09.2021 | AB480: - | AC480: =LEFT(G480,2) -> 84 | AE480: MEGHA
A481: =1+A480 -> 479 | B481: 1009575332 | C481: 21.08.2021 | D481: NA | E481: DEAD | F481: Def Tag Available | G481: 844062709572 | H481: IR | I481: TECH HD | J481: A042 | K481: =VLOOKUP(J481,Sheet2!A:B,2,0) -> ANKIT RANA | L481: 1 | M481: =VLOOKUP(L481,Sheet2!D:E,2,0) -> Power Supply Section | N481: 1 | O481: =VLOOKUP(N481,Sheet2!G:H,2,0) -> Dead | P481: 12 | Q481: =VLOOKUP(P481,Sheet2!J:K,2,0) -> IR Declared due to Others ( IR Normal)TB | R481: IR | S481: =VLOOKUP(R481,Sheet2!N:O,2,0) -> IREPARABLE | T481: =VLOOKUP(P481,Sheet2!Q:R,2,0) -> IR Normal - BER to IR | U481: IR Normal -TrackRust/InternalDamage/open | V481: 8 | W481: =VLOOKUP(V481,Sheet2!Q:R,2,0) -> IR Normal -TrackRust/InternalDamage/open | X481: =J481 -> A042 | Y481: =VLOOKUP(X481,Sheet2!A:B,2,0) -> ANKIT RANA | Z481: UD1 | AA481: 15.09.2021 | AB481: - | AC481: =LEFT(G481,2) -> 84 | AE481: MEGHA
A482: =1+A481 -> 480 | B482: 1009605326 | C482: 25.08.2021 | D482: NA | E482: NA | F482: NA(Tag Not Available) | G482: 844098787063 | H482: IR | I482: TECH HD | J482: A063 | K482: =VLOOKUP(J482,Sheet2!A:B,2,0) -> SHANI GOHIL | L482: 1 | M482: =VLOOKUP(L482,Sheet2!D:E,2,0) -> Power Supply Section | N482: 2 | O482: =VLOOKUP(N482,Sheet2!G:H,2,0) -> Dead Intermittent | P482: 12 | Q482: =VLOOKUP(P482,Sheet2!J:K,2,0) -> IR Declared due to Others ( IR Normal)TB | R482: IR | S482: =VLOOKUP(R482,Sheet2!N:O,2,0) -> IREPARABLE | T482: =VLOOKUP(P482,Sheet2!Q:R,2,0) -> IR Normal - BER to IR | U482: IR Normal - Multiple time repair | V482: 9 | W482: =VLOOKUP(V482,Sheet2!Q:R,2,0) -> IR Normal - Multiple time repair | X482: =J482 -> A063 | Y482: =VLOOKUP(X482,Sheet2!A:B,2,0) -> SHANI GOHIL | Z482: UD1 | AA482: 15.09.2021 | AB482: - | AC482: =LEFT(G482,2) -> 84 | AE482: MEGHA
A483: =1+A482 -> 481 | B483: 1009602011 | C483: 24.08.2021 | D483: NA | E483: NA | F483: NA(Tag Not Available) | G483: 854149738262 | H483: IR | I483: TECH HD | J483: A053 | K483: =VLOOKUP(J483,Sheet2!A:B,2,0) -> DEVENDRA RAJPUT | L483: 1 | M483: =VLOOKUP(L483,Sheet2!D:E,2,0) -> Power Supply Section | N483: 1 | O483: =VLOOKUP(N483,Sheet2!G:H,2,0) -> Dead | P483: 12 | Q483: =VLOOKUP(P483,Sheet2!J:K,2,0) -> IR Declared due to Others ( IR Normal)TB | R483: IR | S483: =VLOOKUP(R483,Sheet2!N:O,2,0) -> IREPARABLE | T483: =VLOOKUP(P483,Sheet2!Q:R,2,0) -> IR Normal - BER to IR | U483: IR Normal -TrackRust/InternalDamage/open | V483: 8 | W483: =VLOOKUP(V483,Sheet2!Q:R,2,0) -> IR Normal -TrackRust/InternalDamage/open | X483: =J483 -> A053 | Y483: =VLOOKUP(X483,Sheet2!A:B,2,0) -> DEVENDRA RAJPUT | Z483: UD1,U6,U5,U1,U4 | AA483: 15.09.2021 | AB483: - | AC483: =LEFT(G483,2) -> 85 | AE483: MEGHA
A484: =1+A483 -> 482 | B484: 1009563734 | C484: 19.08.2021 | D484: W3.031 | E484: DEAD | F484: Def Tag Available | G484: 844120786638 | H484: IR | I484: TECH HD | J484: A031 | K484: =VLOOKUP(J484,Sheet2!A:B,2,0) -> NITIN PRANAMI | L484: 1 | M484: =VLOOKUP(L484,Sheet2!D:E,2,0) -> Power Supply Section | N484: 1 | O484: =VLOOKUP(N484,Sheet2!G:H,2,0) -> Dead | P484: 11 | Q484: =VLOOKUP(P484,Sheet2!J:K,2,0) -> IR Declared due to CID -TA | R484: IR | S484: =VLOOKUP(R484,Sheet2!N:O,2,0) -> IREPARABLE | T484: =VLOOKUP(P484,Sheet2!Q:R,2,0) -> IR Normal - Track burn out | U484: IR CID - Water log from other area | V484: 2 | W484: =VLOOKUP(V484,Sheet2!Q:R,2,0) -> IR CID - Water log from other area | X484: =J484 -> A031 | Y484: =VLOOKUP(X484,Sheet2!A:B,2,0) -> NITIN PRANAMI | Z484: U1,Q12,U3,U10,U41,U6 | AA484: 15.09.2021 | AB484: - | AC484: =LEFT(G484,2) -> 84 | AE484: MEGHA
...

Sheet Sheet2
E1: Object Part | H1: Fault Observed | K1: Fault Reason | O1: Action | Q1: CODE | R1: Reason for IR
A2: Main WorkCt | B2: T-NAME | C2: DETAILS | D2: CODE | E2: DESCRIPTION | F2: DETAILS | G2: CODE | H2: DESCRIPTION | I2: DETAILS | J2: CODE | K2: DESCRIPTION | M2: DETAILS | N2: CODE | O2: DESCRIPTION | Q2: 1 | R2: IR CID - Water log from IF port
A3: A002 | B3: VIJAY RANA | C3: Object Part | D3: 1 | E3: Power Supply Section | F3: Damage – Fault Codes | G3: 1 | H3: Dead | I3: Cause – Reason Codes | J3: 1 | K3: NFF | L3: NFF | M3: Task – Action Codes | N3: 1 | O3: NFF | Q3: 2 | R3: IR CID - Water log from other area | V3: DRY SOLDER
A4: A003 | B4: JAIMIN MAKWANA | C4: Object Part | D4: 2 | E4: Tuner Section | F4: Damage – Fault Codes | G4: 2 | H4: Dead Intermittent | I4: Cause – Reason Codes | J4: 2 | K4: NFF :- Software downloaded | L4: NFF | M4: Task – Action Codes | N4: 2 | O4: REPAIRED | Q4: 3 | R4: IR CID - Tampered TrackOpen/Reworkdone | V4: DRY SOLDER
A5: A004 | B5: JAYESH NAI | C5: Object Part | D5: 3 | E5: Video Section | F5: Damage – Fault Codes | G5: 3 | H5: Blue/Black /Blank Screen | I5: Cause – Reason Codes | J5: 3 | K5: NFF :- Master reset | L5: NFF | M5: Task – Action Codes | N5: BER | O5: BEYOND ECONOMIC REPAIR | Q5: 4 | R5: IR CID - Tampered Track burn out | V5: DRY SOLDER
A6: A005 | B6: VASANT PARMAR | C6: Object Part | D6: 4 | E6: Audio Section | F6: Damage – Fault Codes | G6: 4 | H6: All LED glow | I6: Cause – Reason Codes | J6: =+J5+1 -> 4 | K6: NFF :-Corrective Actions Taken | L6: NFF | M6: Task – Action Codes | N6: IR | O6: IREPARABLE | Q6: 5 | R6: IR CID - Water log fully due to Flood | V6: COMPONENTS
A7: A006 | B7: TAKHAT SOLANKI | C7: Object Part | D7: 5 | E7: Main Processor CPU BGA | F7: Damage – Fault Codes | G7: 5 | H7: LED Not glow STB functions are OK | I7: Cause – Reason Codes | J7: =+J6+1 -> 5 | K7: NFF:- IP Clean/G Service | L7: NFF:- IP Clean/G Service | N7: - | O7: - | Q7: 6 | R7: IR CID -Fullydamage-Broken/Dent/Burn out | V7: TRACK DAMAGE
A8: A007 | B8: HARIRAM GUPTA | C8: Object Part | D8: 6 | E8: Flash /EPROM/NVRAM | F8: Damage – Fault Codes | G8: 6 | H8: No Signal | I8: Cause – Reason Codes | J8: =+J7+1 -> 6 | K8: Component Replaced | L8: COMPONENTS | Q8: 7 | R8: IR CID -Tampered Backside ports&VCreader | V8: COMPONENTS
A9: A008 | B9: NILESH NAGAR | C9: Object Part | D9: 7 | E9: Card Reader Section | F9: Damage – Fault Codes | G9: 7 | H9: No Signal - Intermittent | I9: Cause – Reason Codes | J9: =+J8+1 -> 7 | K9: Component Missing Replaced | L9: COMPONENTS | Q9: 8 | R9: IR Normal -TrackRust/InternalDamage/open | V9: COMPONENTS
A10: A009 | B10: AKASH BAROT | C10: Object Part | D10: 8 | E10: Front Panel PCB Section | F10: Damage – Fault Codes | G10: 8 | H10: Signal Low | I10: Cause – Reason Codes | J10: =+J9+1 -> 8 | K10: BER -BGA Replaced | L10: COMPONENTS | Q10: 9 | R10: IR Normal - Multiple time repair | V10: COMPONENTS
A11: A010 | B11: BHUPENDRA DABHI | C11: Object Part | D11: 9 | E11: HDD | F11: Damage – Fault Codes | G11: 9 | H11: No Audio - AV | I11: Cause – Reason Codes | J11: =+J10+1 -> 9 | K11: Dry Solder Rectified | L11: DRY SOLDER | Q11: 10 | R11: IR Normal - Multiple components failure | V11: DRY SOLDER
A12: A011 | B12: PRADIP YADAV | C12: Object Part | D12: 10 | E12: Fan | F12: Damage – Fault Codes | G12: 10 | H12: No Audio - HDMI | I12: Cause – Reason Codes | J12: 10 | K12: BER -Dry Solder BGA Rectified | L12: DRY SOLDER | Q12: 11 | R12: IR Normal - Track burn out | V12: NFF
A13: A012 | B13: LUCKY PATIL | C13: Object Part | D13: 11 | E13: HDMI Section | F13: Damage – Fault Codes | G13: 11 | H13: No Audio - RF | I13: Cause – Reason Codes | J13: =+J12+1 -> 11 | K13: IR Declared due to CID -TA | L13: - | Q13: 12 | R13: IR Normal - BER to IR | V13: NFF
A14: A013 | B14: VIVEK SHAH | C14: Object Part | D14: 12 | E14: Ethernet / USB | F14: Damage – Fault Codes | G14: 12 | H14: No Audio - SPDIF | I14: Cause – Reason Codes | J14: =+J13+1 -> 12 | K14: IR Declared due to Others ( IR Normal)TB | L14: - | Q14: 13 | R14: IR Normal -BGA/MICO ULC VC chip failure
A15: A014 | B15: HARSHAD CHUHAN | C15: Object Part | D15: 13 | E15: Software | F15: Damage – Fault Codes | G15: 13 | H15: No Audio - Optical Out put | I15: Cause – Reason Codes | J15: =+J14+1 -> 13 | K15: IR CID but repaired OK | L15: COMPONENTS
A16: A015 | B16: PARIXIT PANDYA | C16: Object Part | D16: 14 | E16: Cosmetic | F16: Damage – Fault Codes | G16: 14 | H16: No Audio Intermittent | I16: Cause – Reason Codes | J16: =+J15+1 -> 14 | K16: IR Others but repaired OK | L16: COMPONENTS
A17: A018 | B17: PRAKASH CHAVDA | D17: - | E17: - | F17: Damage – Fault Codes | G17: 15 | H17: No Video - AV | I17: Cause – Reason Codes | J17: =+J16+1 -> 15 | K17: Modiffed/Corrected/Re fixed OK | L17: NFF
A18: A031 | B18: NITIN PRANAMI | F18: Damage – Fault Codes | G18: 16 | H18: No Video - HDMI | I18: Cause – Reason Codes | J18: =+J17+1 -> 16 | K18: Parts Pending | L18: - | O18: Status | P18: Tag Details | Q18: MATERIAL CODE
A19: A037 | B19: JAGDISH KOSHTI | F19: Damage – Fault Codes | G19: 17 | H19: No Video - Component | I19: Cause – Reason Codes | J19: =+J18+1 -> 17 | K19: BGA Replacement Pending | L19: - | O19: BER REPAIRED | P19: Def Tag Available | Q19: STD
A20: A040 | B20: PRASHANT SONVANE | F20: Damage – Fault Codes | G20: 18 | H20: No Video- RF | I20: Cause – Reason Codes | J20: =+J19+1 -> 18 | K20: STB OK Cosmetic Pending | L20: - | O20: REPAIRED | P20: DOA Tag Available | Q20: KAON HD
A21: A041 | B21: PRASHANT,AKASH | F21: Damage – Fault Codes | G21: 19 | H21: No Video - Intermittent | I21: Cause – Reason Codes | J21: =+J20+1 -> 19 | K21: STB OK Pending Others | L21: - | O21: NFF | P21: NA(Tag Not Available) | Q21: SAMSUNG HD
A22: A042 | B22: ANKIT RANA | F22: Damage – Fault Codes | G22: 20 | H22: No Audio /Video -AV | I22: Cause – Reason Codes | J22: 20 | K22: WIP | L22: - | O22: SOAKING FAIL REPAIRED | P22: Tag Availble but only SR area details available | Q22: TECH HD
A23: A050 | B23: PIYUSH CHAVDA | F23: Damage – Fault Codes | G23: 21 | H23: No Audio /Video - HDMI | I23: Cause – Reason Codes | J23: =+J22+1 -> 21 | K23: Awaiting Repair | L23: - | O23: QC FAIL REPAIRED | P23: Upgrade Tag Available | Q23: PVR SD
A24: A051 | B24: AJAY KOSHTI | F24: Damage – Fault Codes | G24: 22 | H24: No Audio /Video - RF | I24: Cause – Reason Codes | J24: =+J23+1 -> 22 | K24: Cosmetic-Top cover | L24: - | O24: IMPEDENCE FAIL REPAIRED | P24: NFF tag available | Q24: PVR HD
A25: A053 | B25: DEVENDRA RAJPUT | F25: Damage – Fault Codes | G25: 23 | H25: NO Audio/Video -Intermittent | I25: Cause – Reason Codes | J25: =+J24+1 -> 23 | K25: Cosmetic-Front Panel | L25: - | O25: IR REPAIRED | P25: IMPEDENCE FAIL | Q25: JADE HD
A26: A056 | B26: ISHWAR | F26: Damage – Fault Codes | G26: 24 | H26: STB Auto moving -Stand by mode | I26: Cause – Reason Codes | J26: =+J25+1 -> 24 | K26: Cosmetic -Front Panel Door | L26: - | O26: COLD SOAK FAIL REPAIRED | Q26: NOVA HD
A27: A061 | B27: GAJENDRA GARASIYA | F27: Damage – Fault Codes | G27: 25 | H27: STB Not Responding form RCU | I27: Cause – Reason Codes | J27: =+J26+1 -> 25 | K27: Cosmetic -Bottom panel | L27: - | Q27: T-51
A28: A063 | B28: SHANI GOHIL | F28: Damage – Fault Codes | G28: 26 | H28: STB Moving to Standby while using Remote | J28: 26 | K28: Component Replaced & DrySolder rectified | Q28: HEERA
A29: A065 | B29: NIKHIL KAMADE | F29: Damage – Fault Codes | G29: 27 | H29: STB Rebooting Continuously | J29: 27 | K29: Technical support pending from Vendor | Q29: PANNA
A30: A068 | B30: GHANSHYAM VYAS | F30: Damage – Fault Codes | G30: 28 | H30: Hang and Freeze video - AV | J30: 28 | K30: Physical scrap pending | Q30: SKY WORTH
A31: A077 | B31: ARUN KORI | F31: Damage – Fault Codes | G31: 29 | H31: Hang and Freeze video - HDMI | J31: 28 | K31: Replacement pending from vendor | Q31: BINGE
A32: A079 | B32: ARPIT PARMAR | F32: Damage – Fault Codes | G32: 30 | H32: Hang and Freeze video - Component | J32: 28 | K32: Others
A33: A052 | B33: MAHESH RAWAL | F33: Damage – Fault Codes | G33: 31 | H33: Hang and Freeze video - RF
A34: A053 | B34: DEVENDRA RAJPUT | F34: Damage – Fault Codes | G34: 32 | H34: Hang & Freeze video-Recording Play back
A35: A054 | B35: RANJIT GOHEL | F35: Damage – Fault Codes | G35: 33 | H35: Software download failure
A36: A055 | B36: SAILESH CHAUHAN | F36: Damage – Fault Codes | G36: 34 | H36: Missing - T Sky Logo
A37: A056 | B37: VIJAY VAGHELA | F37: Damage – Fault Codes | G37: 35 | H37: Missing - Few Channels
A38: A057 | B38: MAYUR TRIVEDI | F38: Damage – Fault Codes | G38: 36 | H38: Error -1
A39: A058 | B39: SUNIL | F39: Damage – Fault Codes | G39: 37 | H39: Error -2
A40: A059 | B40: DINESH VAGHELA | F40: Damage – Fault Codes | G40: 38 | H40: Error- 14
A41: A060 | B41: PRATIK MODI | F41: Damage – Fault Codes | G41: 39 | H41: Errors Others( other than Error -1,2,14)
A42: A061 | B42: GAJENDRA GARASIYA | F42: Damage – Fault Codes | G42: 40 | H42: Error Recording function
A43: A062 | B43: MEHAL ACHARYA | F43: Damage – Fault Codes | G43: =+G42+1 -> 41 | H43: Front panel not working
A44: A063 | B44: SHANI GOHIL | F44: Damage – Fault Codes | G44: =+G43+1 -> 42 | H44: VOD /Ethernet/ Internet Error
A45: A064 | B45: HETARTH BRAHMBHATT | F45: Damage – Fault Codes | G45: =+G44+1 -> 43 | H45: EPG related
A46: A065 | B46: NIKHIL KAMADE | F46: Damage – Fault Codes | G46: =+G45+1 -> 44 | H46: Few Channels Missing
A47: A066 | B47: SUKHDEV KANZARIYA | F47: Damage – Fault Codes | G47: =+G46+1 -> 45 | H47: IR Type A
A48: A067 | B48: SALIM SHAIKH | F48: Damage – Fault Codes | G48: =+G47+1 -> 46 | H48: NFF
A49: A068 | B49: GHANSHYAM VYAS | F49: Damage – Fault Codes | G49: =+G48+1 -> 47 | H49: IR Type B
A50: A005 | B50: VASANT PARMAR | F50: Damage – Fault Codes | G50: =+G49+1 -> 48 | H50: STB Making Noisy
A51: A004 | B51: JAYESH | F51: Damage – Fault Codes | G51: =+G50+1 -> 49 | H51: Picture Quality
A52: A003 | B52: JAIMIN MAKWANA | F52: Damage – Fault Codes | G52: 50 | H52: Audio Quality
A53: A008 | B53: NILESH NAGAR | F53: Damage – Fault Codes | G53: 51 | H53: Incompatibility issue with TV
A54: A069 | B54: VIDHI SUTHAR | G54: 52 | H54: Technical support awaiting Issue Confrmd
A55: A070 | B55: RINKU PARMAR | G55: 53 | H55: Technical support awaiting
A56: A071 | B56: ANJALI BHATT
A57: A072 | B57: AVINASH PRJAPATI
A58: A010 | B58: PRADIP
B428: 1009566388 | C428: 20.08.2021 | E428: NA | G428: 867265131690 | J428: A018 | N428: 24 | V428: 8 | Z428: UA001,UP098
B429: 1009603145 | C429: 25.08.2021 | E429: NA | G429: 866084173313 | J429: A050 | L429: 1 | V429: 2 | Z429: UM001,UM202,UM201,UM301
B430: 1009614149 | C430: 31.08.2021 | D430: W3.045 | G430: 865160100067 | J430: A031 | L430: 1 | P430: 12 | V430: 9 | Z430: UM001
B431: 1009561814 | C431: 19.08.2021 | E431: NA | G431: 868129141313 | J431: A031 | N431: 24 | V431: 2 | Z431: UV001,UA001,UN001
B432: 1009612700 | C432: 31.08.2021 | D432: W3.006 | E432: SELF REBOOTING | G432: 867234173609 | J432: A010 | L432: 1 | P432: 12 | V432: 8 | Z432: UP098
B433: 1009615842 | C433: 31.08.2021 | D433: W3.045 | G433: 866027134968 | J433: A050 | L433: 1 | P433: 12 | V433: 8 | Z433: UP098
B434: 1009610768 | C434: 25.08.2021 | D434: W3.084 | G434: 866063174027 | J434: A053 | L434: 2 | N434: 6 | P434: 11 | V434: 8 | Z434: UM001,UP098,UN001
B435: 1009621199 | C435: 31.08.2021 | G435: 867277115095 | J435: A008 | P435: 12 | V435: 8 | Z435: UA001,UP098
B436: 1009580921 | C436: 21.08.2021 | D436: W3.087 | G436: 775237055535 | J436: A018 | P436: 12 | V436: 8 | Z436: U502,U313
B437: 1009611337 | C437: 25.08.2021 | E437: DEAD & AUTO ON/STANDBY | G437: 775325207394 | J437: A005 | P437: 12 | V437: 8 | Z437: U502,U313
B438: 1009620969 | C438: 31.08.2021 | E438: NA | G438: 775330196673 | J438: A031 | L438: 1 | P438: 12 | V438: 8 | Z438: U1103,U1104,U502,J6
B439: 1009507852 | C439: 20.08.2021 | G439: 942277966753 | J439: A051 | L439: 1 | V439: 6 | Z439: UD1
B440: 1009562630 | C440: 19.08.2021 | E440: AUTO ON/STANDBY | G440: 943017426033 | J440: A063 | L440: 1 | N440: 24 | P440: 11 | V440: 2 | Z440: U5,U12,U6
B441: 1009083475 | C441: 09.03.2021 | D441: W3.084 | E441: UPGRADE | G441: 943341975721 | J441: A018 | P441: 12 | V441: 8 | Z441: UD1
B442: 1009562296 | C442: 19.08.2021 | G442: 943017929051 | J442: A063 | L442: 4 | N442: 9 | P442: 11 | V442: 2 | Z442: U15,J1
B443: 1009452328 | C443: 13.07.2021 | G443: 942336943967 | J443: A063 | L443: 1 | V443: 4 | Z443: J1
B444: 1009571653 | C444: 21.08.2021 | D444: W3.223 | E444: STB NOT WORKING | G444: 987093118907 | J444: A051 | L444: 1 | V444: 2 | Z444: UP005
B445: 1009577095 | C445: 23.08.2021 | E445: NA | G445: 986127103448 | J445: A063 | L445: 1 | N445: 2 | P445: 12 | V445: 8 | Z445: QP003,UP005,UP006,UN016
B446: 1009561816 | C446: 19.08.2021 | D446: W3.227 | E446: UPGRADE | G446: 986156220139 | J446: A051 | L446: 1 | P446: 12 | V446: 8 | Z446: UM003
B447: 1009560022 | C447: 19.08.2021 | D447: W3.107 | E447: AUTO ON/STANDBY | G447: 986168129799 | J447: A063 | N447: 24 | V447: 2 | Z447: QK011,QK010,UM003
B448: 1009561319 | C448: 19.08.2021 | D448: W3.108 | E448: UPGRADE | G448: 987199133826 | J448: A063 | L448: 1 | N448: 24 | V448: 2 | Z448: UP006,QP003
B449: 1009571181 | C449: 20.08.2021 | E449: NA | G449: 986005103536 | J449: A063 | L449: 1 | P449: 11 | V449: 2 | Z449: UN016,UP005
B450: 1009560112 | C450: 19.08.2021 | E450: NA | G450: 986165126533 | J450: A051 | L450: 1 | P450: 12 | V450: 8 | Z450: UN016,UP005
B451: 1009560801 | C451: 19.08.2021 | D451: W3.083 | E451: UPGRADE | G451: 134119335815 | J451: A051 | L451: 1 | P451: 11 | V451: 2 | Z451: U313
B452: 1009416558 | C452: 03.07.2021 | E452: NA | G452: 413161200253 | J452: A051 | L452: 1 | V452: 6 | Z452: U313
B453: 1009611901 | C453: 25.08.2021 | E453: NA | G453: 413322201299 | J453: A053 | L453: 1 | P453: 12 | V453: 8 | Z453: U1
B454: 1009390179 | C454: 23.06.2021 | E454: UPGRADE | G454: 954343179741 | J454: A063 | L454: 8 | N454: 5 | P454: 12 | V454: 4 | Z454: U702
B455: 1009578573 | C455: 23.08.2021 | E455: NA | G455: 954206143107 | J455: A004 | L455: 1 | N455: 2 | P455: 11 | V455: 2 | Z455: U1000
B456: 1009572235 | C456: 21.08.2021 | E456: UPGRADE | G456: 167309905831 | J456: A063 | L456: 1 | P456: 11 | V456: 2 | Z456: UH01,UH71,UP21,UP25,UX01
B457: 1009576319 | C457: 21.08.2021 | D457: W3.223 | E457: STB NOT WORKING | G457: 167250959191 | J457: A051 | L457: 1 | P457: 12 | V457: 8 | Z457: UH71
B458: 1009579073 | C458: 23.08.2021 | D458: W3.032 | G458: 429248218589 | J458: A008 | V458: 1 | Z458: JT01
B459: 1009566813 | C459: 20.08.2021 | D459: W3.010 | E459: NO SIGNAL | G459: 421054158793 | J459: A005 | N459: 6 | P459: 11 | V459: 1 | Z459: JT01
B460: 1009459435 | C460: 16.07.2021 | E460: NA | G460: 889260122623 | J460: A053 | L460: 1 | V460: 1 | Z460: EH81
B461: 1009561068 | C461: 19.08.2021 | E461: HANG | G461: 889290172994 | J461: A005 | V461: 1 | Z461: EH81
B462: 1009558754 | C462: 19.08.2021 | E462: NA | G462: 300359239294 | J462: A031 | L462: 1 | V462: 2 | Z462: EH81
B463: 1009558805 | C463: 19.08.2021 | G463: 889317752760 | J463: A050 | V463: 1 | Z463: EH81,UH103
B464: 1009561655 | C464: 19.08.2021 | G464: 879173104230 | J464: A031 | L464: 1 | V464: 2 | Z464: EH81
B465: 1009558744 | C465: 19.08.2021 | D465: W4.520 | G465: 300346145711 | J465: A008 | V465: 1 | Z465: EH81
B466: 1009619630 | C466: 31.08.2021 | E466: NA | G466: 879119108162 | J466: A050 | L466: 2 | N466: 6 | P466: 12 | V466: 8 | Z466: EH81
B467: 1009558767 | C467: 19.08.2021 | E467: NA | G467: 300348280144 | J467: A031 | L467: 2 | N467: 6 | P467: 11 | V467: 2 | Z467: EH81
B468: 1009562723 | C468: 19.08.2021 | E468: SELF REBOOTING | G468: 889293361982 | J468: A005 | N468: 6 | V468: 1 | Z468: EH81
B469: 1009561200 | C469: 19.08.2021 | G469: 889253305169 | J469: A005 | N469: 2 | P469: 11 | V469: 1 | Z469: EH81
...

Sheet Sheet3
